1.000000000000000000e+00 0.000000000000000000e+00 0.000000000000000000e+00 0.000000000000000000e+00 0.000000000000000000e+00 1.000000000000000000e+00 0.000000000000000000e+00 0.000000000000000000e+00 0.000000000000000000e+00 0.000000000000000000e+00 1.000000000000000000e+00 0.000000000000000000e+00
9.999930065864707229e-01 -8.316817701216614237e-05 3.738965258591006157e-03 -1.201114620990005382e-03 8.100548825274826454e-05 9.999998293492843304e-01 5.785667750231045887e-04 -1.485817593878221432e+00 -3.739012738877867201e-03 -5.782598521600603109e-04 9.999928426740273268e-01 3.265358505335241423e-03
9.999980393508653975e-01 1.007229535244125777e-05 1.980200235822601133e-03 -6.040157024577227397e-03 -1.136534472677262204e-05 9.999997867445817867e-01 6.529790348764796717e-04 -3.786329545598457802e+00 -1.980193236536473018e-03 -6.530002602720080904e-04 9.999978262103403903e-01 -2.349784255222211668e-02
9.999965314422389895e-01 1.916681757038907901e-04 -2.626854925867749737e-03 -7.711690143737029435e-03 -1.922452245358859644e-04 9.999999574478444231e-01 -2.194221571003604585e-04 -5.711347984735235528e+00 2.626812757844849879e-03 2.199263963369811733e-04 9.999965257375225125e-01 -2.548028988145255302e-02
9.999876239961077440e-01 -1.783198291699058841e-04 -4.971926855611472941e-03 -2.141104414606806450e-02 1.796740830410574843e-04 9.999999468843558947e-01 2.719347518250769011e-04 -6.976181128653498931e+00 4.971878100165884155e-03 -2.728247127582591135e-04 9.999876029205727601e-01 -3.446003358548668793e-02
9.999970356412964945e-01 -4.204415439040253563e-04 -2.398319730109245516e-03 -3.691305941189851336e-02 4.222041287091453637e-04 9.999996411516760553e-01 7.344659234819636518e-04 -8.117196802471809747e+00 2.398010069489416290e-03 -7.354763267535276540e-04 9.999968543061920068e-01 -4.208100276273205043e-02
9.999975716091035194e-01 1.110689842652919519e-05 -2.203781416716182103e-03 -3.333884272203072041e-02 -1.059762212240085704e-05 9.999999732394159180e-01 2.311035650846161166e-04 -9.547020045343407091e+00 2.203783924585527455e-03 -2.310796490321278206e-04 9.999975449662912297e-01 -6.140329288064357710e-02
9.999996050187319740e-01 4.658606062376716779e-04 -7.569255417014864908e-04 -3.054178853967367407e-02 -4.654897238984214325e-04 9.999997715667312548e-01 4.900875455685363641e-04 -1.112730949779278689e+01 7.571536812755988617e-04 -4.897350109317179191e-04 9.999995934388783425e-01 -7.843049032240941021e-02
9.999993913712318383e-01 6.537449060907575939e-04 -8.887489879984113508e-04 -3.938032025371523970e-02 -6.532272854555110477e-04 9.999996169469904661e-01 5.825804543270979383e-04 -1.275006320123334724e+01 8.891295065648412935e-04 -5.819995446629921531e-04 9.999994353624658272e-01 -7.002671266735421840e-02
9.999936870447898585e-01 6.329220083677897062e-04 -3.496466830696657885e-03 -4.529161070941704892e-02 -6.314872409720153658e-04 9.999997159718829742e-01 4.114365296322332484e-04 -1.428046754503071725e+01 3.496726244836418415e-03 -4.092259580597830773e-04 9.999938027006387564e-01 -8.189478070899412765e-02
9.999927953064866593e-01 2.346333260382556262e-04 -3.788704570340248497e-03 -5.354683643585626818e-02 -2.357164026492240935e-04 9.999999314849133958e-01 -2.854259028058410029e-04 -1.568255229559516906e+01 3.788637340327914368e-03 2.863169062117117917e-04 9.999927820988172567e-01 -8.198941395046698000e-02
9.999998076463755270e-01 -4.247770262893485081e-04 -4.519642573999275558e-04 -6.872559699644904818e-02 4.248017842429435221e-04 9.999999082765491654e-01 5.468397786368832278e-05 -1.707461193111191378e+01 4.519409874467035732e-04 -5.487596256798450608e-05 9.999998963689809006e-01 -8.735839078540676150e-02
9.999981907742845344e-01 -3.200494462055408708e-04 -1.875104399657684601e-03 -7.780959768930505172e-02 3.205752961954795740e-04 9.999999093754419199e-01 2.801438689518360005e-04 -1.856291859123598798e+01 1.875014569837061369e-03 -2.807444742566620258e-04 9.999982027498365289e-01 -1.152169282194560052e-01
9.999999677152776600e-01 -2.420974989927073256e-04 -7.718966618339228680e-05 -9.037261642508168102e-02 2.421103848745639387e-04 9.999999567514060717e-01 1.669722956943377353e-04 -2.008918246318552292e+01 7.714923926985908277e-05 -1.669909787234715424e-04 9.999999830810037960e-01 -1.314073170813418734e-01
9.999993159076312477e-01 -5.088936414168246505e-05 -1.168586557385438906e-03 -9.093471194236117661e-02 5.120609322755945186e-05 9.999999619663720862e-01 2.710077312502054371e-04 -2.157389345396058289e+01 1.168572721528731611e-03 -2.710673846080865340e-04 9.999992804798748525e-01 -1.341154803575824728e-01
9.999990458665073412e-01 9.346641380447512837e-04 -1.017186818625334188e-03 -7.601423563640316572e-02 -9.340717226871318940e-04 9.999993939706326440e-01 5.827249645441219409e-04 -2.303087415002328697e+01 1.017730854306952764e-03 -5.817742831027483469e-04 9.999993128810598098e-01 -1.338377640528580770e-01
9.999936603723341699e-01 9.762772146576009433e-04 -3.424339051699337288e-03 -8.769150032855910215e-02 -9.780671969683851774e-04 9.999993859258531348e-01 -5.210877803222976022e-04 -2.448395784066835645e+01 3.423828222774490549e-03 5.244337105175540109e-04 9.999940011667991513e-01 -1.322973778063734340e-01
9.999937477195912638e-01 6.626713742253646571e-04 -3.473526792223415559e-03 -1.122686793180493470e-01 -6.635477818099309302e-04 9.999997483104035023e-01 -2.511642308946219538e-04 -2.594476013996153441e+01 3.473359478626815780e-03 2.534675115434589635e-04 9.999939357456888445e-01 -1.360638859651191468e-01
9.999967787441585987e-01 7.344539090678994450e-04 -2.429625230728615394e-03 -1.184752390699330277e-01 -7.335660754376510835e-04 9.999996638558172890e-01 3.662909573827289938e-04 -2.741343189025849725e+01 2.429893437849733710e-03 -3.645074868205529705e-04 9.999969813715303690e-01 -1.603189486328338575e-01
9.999969192480869795e-01 1.006355922802118366e-03 -2.269083976315109351e-03 -1.246670722707553802e-01 -1.007302611632620052e-03 9.999994060977492882e-01 -4.161076751485824187e-04 -2.889334558977556355e+01 2.268663876277619666e-03 4.183920474394221432e-04 9.999973390526152306e-01 -1.785400985926371420e-01
9.999947583574085863e-01 8.988578044688614026e-04 -3.110516412963065889e-03 -1.309749730008745172e-01 -9.002001675985453737e-04 9.999995022909031750e-01 -4.301832217551878322e-04 -3.037103761392537393e+01 3.110128191284525310e-03 4.329810542847579839e-04 9.999950698028667873e-01 -2.142765117898702276e-01
9.999956446016934342e-01 3.883942442285320058e-04 -2.925735386981927026e-03 -1.437822813558546631e-01 -3.902671230558959537e-04 9.999997193043502763e-01 -6.395958046985885433e-04 -3.184098745380915574e+01 2.925486150411553583e-03 6.407348373364042150e-04 9.999955154847705030e-01 -2.005349436395056917e-01
9.999845064295194152e-01 -2.924292748491454249e-04 -5.558901512855583295e-03 -1.446366063303396454e-01 2.897457146044654978e-04 9.999998411137314136e-01 -4.835493075597797831e-04 -3.329052912856010948e+01 5.559042033595828526e-03 4.819311477632440819e-04 9.999844322758417725e-01 -2.019834922823596779e-01
9.999749683453207361e-01 -7.104001439496791370e-04 -7.039745337033887808e-03 -1.359867049337696865e-01 7.074681604523191253e-04 9.999996619757968164e-01 -4.189714716085256394e-04 -3.473924977371543577e+01 7.040040594823320820e-03 4.139805883756836682e-04 9.999751329150619039e-01 -1.867217485517426723e-01
9.999855535391760641e-01 -6.463101502735728657e-04 -5.336196785858075310e-03 -1.468526384442213617e-01 6.465882532275507143e-04 9.999997896921510865e-01 5.039131370086246585e-05 -3.621251743878635665e+01 5.336163095196477975e-03 -5.384090788336965842e-05 9.999857611309163063e-01 -2.123748142948768125e-01
9.999963005392162874e-01 -3.508259646514706037e-04 -2.697374468602938783e-03 -1.693905137064567468e-01 3.508315033504530228e-04 9.999999384573776684e-01 1.580204155395740000e-06 -3.769202323728205073e+01 2.697373748222793490e-03 -2.526522249411535193e-06 9.999963620776223250e-01 -2.329761901454372452e-01
9.999982057145415659e-01 1.699373732119058134e-05 -1.894275299529306691e-03 -1.714512567435335366e-01 -1.894501243690390919e-05 9.999994692906958305e-01 -1.030077382190625187e-03 -3.914498273415820506e+01 1.894256789355327174e-03 1.030111421006865658e-03 9.999976753281361042e-01 -2.530351052375805487e-01
9.999971523537735107e-01 2.789418806299693893e-04 -2.370121467598220334e-03 -1.765511322907728775e-01 -2.818983049232534122e-04 9.999991825997371908e-01 -1.247129986465025800e-03 -4.058592565318089385e+01 2.369771653476495255e-03 1.247794568304203813e-03 9.999964135890816452e-01 -2.583642585111433632e-01
9.999880144005093285e-01 7.506872180675404696e-04 -4.838132287087722715e-03 -1.797479275308047908e-01 -7.527662142723164519e-04 9.999996251206052511e-01 -4.279038159243555173e-04 -4.202889283246515362e+01 4.837809251446442867e-03 4.315406697664970429e-04 9.999882046175829764e-01 -2.588410186511002076e-01
9.999944606828534699e-01 8.280060285301651555e-04 -3.223819105617526173e-03 -2.120384777222983075e-01 -8.286929956036213690e-04 9.999996342125060389e-01 -2.117611230720581133e-04 -4.347114239306195316e+01 3.223642586898302180e-03 2.144315063719564717e-04 9.999947810601818032e-01 -2.555451321788507757e-01
9.999991302568226326e-01 1.165044368089026335e-03 -6.181886594555801879e-04 -2.356506373877892968e-01 -1.165380543887515469e-03 9.999991731244923798e-01 -5.437265116793197012e-04 -4.490781088172224145e+01 6.175546827803057946e-04 5.444464638130773254e-04 9.999996611020735005e-01 -2.421395899348043335e-01
9.999982401261167109e-01 1.254854947616370047e-03 -1.394662586376226943e-03 -2.350227456085299815e-01 -1.254949785008148758e-03 9.999992102971759778e-01 -6.712720470020398127e-05 -4.636448035118726807e+01 1.394577250102305979e-03 6.887731807772133218e-05 9.999990252046291328e-01 -2.585047527524958477e-01
9.999953144261700677e-01 1.205455542428136070e-03 -2.813894568136258469e-03 -2.218629105213618669e-01 -1.205903787459832507e-03 9.999992604779580629e-01 -1.576058131084428062e-04 -4.783579012790904272e+01 2.813702500398270953e-03 1.609983607519976164e-04 9.999960285709974528e-01 -2.764939333397464782e-01
9.999949158975293129e-01 9.159352607470087199e-04 -3.054380737797381118e-03 -2.273625053028126841e-01 -9.171363085854692797e-04 9.999995026595389636e-01 -3.918439310274066003e-04 -4.929488305896530420e+01 3.054020315057118587e-03 3.946432223275868107e-04 9.999952585970807162e-01 -2.836405939242293561e-01
9.999902455943344703e-01 2.284289702204145907e-04 -4.410956402901307534e-03 -2.345265925343239521e-01 -2.274710221101087788e-04 9.999999504372285575e-01 2.176751583235391125e-04 -5.072591928223578606e+01 4.411005907594341656e-03 -2.166696702702904239e-04 9.999902479930177224e-01 -2.752612965419543589e-01
9.999928877866310906e-01 -2.278098714461381110e-04 -3.764635283345112247e-03 -2.457076700077326370e-01 2.288181934120659213e-04 9.999999380665248738e-01 2.674120055199754480e-04 -5.214671589052325373e+01 3.764574131093565822e-03 -2.682715206731251596e-04 9.999928779806397383e-01 -2.825686561432955157e-01
9.999911025096254180e-01 -5.430526738940179851e-04 -4.183299580132698522e-03 -2.656190335315127271e-01 5.439676965479494372e-04 9.999998283752021822e-01 2.175975902409038522e-04 -5.358602392457904529e+01 4.183180695221539944e-03 -2.198712340050139704e-04 9.999912262894667947e-01 -2.889130986146344893e-01
9.999922998475794245e-01 -4.611124646198612063e-04 -3.897129821253757318e-03 -2.672672282660747411e-01 4.640673306141962582e-04 9.999996055344266832e-01 7.573456963256013259e-04 -5.503618374673287406e+01 3.896779062429605710e-03 -7.591483952815107194e-04 9.999921193722741686e-01 -3.118149974637990374e-01
9.999979016610895943e-01 -2.288305856105562661e-05 -2.048450581169270531e-03 -2.676016522443904755e-01 2.289889894280216478e-05 9.999999997081027159e-01 7.709406768489834310e-06 -5.648333325245358338e+01 2.048450404156526659e-03 -7.756297854389156385e-06 9.999979018931897112e-01 -3.100799481943569691e-01
9.999983817244482154e-01 3.524971565571103846e-04 1.764169560827682148e-03 -2.884068071293778845e-01 -3.519007016263430050e-04 9.999998808280747831e-01 -3.383928668538222525e-04 -5.792369973664978033e+01 -1.764288633111564400e-03 3.377715067346758154e-04 9.999983865967125851e-01 -3.179948758094242045e-01
9.999987865403312526e-01 6.503628160667471961e-04 -1.415608022170695241e-03 -3.047686154883735288e-01 -6.497169759115209182e-04 9.999996846737546630e-01 4.566401673229578085e-04 -5.935252979524070582e+01 1.415904557577482180e-03 -4.557198686452908340e-04 9.999988937662307453e-01 -3.500472604982379776e-01
9.999966899413270660e-01 1.161716293780527820e-03 -2.295761669289865612e-03 -3.140770125328222750e-01 -1.161898336137335598e-03 9.999993219567961944e-01 -7.796283968640369780e-05 -6.076038478846275126e+01 2.295669541963094810e-03 8.063002328854579359e-05 9.999973616965963652e-01 -3.407762571976583610e-01
9.999912573327822685e-01 1.116206085449039567e-03 -4.029806692131504380e-03 -3.235478896898897894e-01 -1.118192689827459535e-03 9.999992544004762118e-01 -4.907581890800936973e-04 -6.216582161040502541e+01 4.029255900232417940e-03 4.952599989291214507e-04 9.999917598732620538e-01 -3.521909353175890489e-01
9.999696037128802395e-01 1.239544021884622779e-03 -7.697738688926398544e-03 -3.112661987743078340e-01 -1.239251523954436286e-03 9.999992312130018268e-01 4.276757672590120624e-05 -6.357790560330304430e+01 7.697785783299039737e-03 -3.322684234910457498e-05 9.999703710560685632e-01 -3.802089108886343438e-01
9.999824281661917613e-01 8.533011306630528545e-04 -5.866450036219170508e-03 -3.210002333821810327e-01 -8.512605141968418486e-04 9.999995763109479352e-01 3.503333579009401482e-04 -6.499439862880588237e+01 5.866746490518921428e-03 -3.453333246270556193e-04 9.999827308661439762e-01 -3.974033750852289382e-01
9.999953126964062911e-01 1.371923616316742965e-04 -3.058719253613596378e-03 -3.532508556028455815e-01 -1.364112439204360333e-04 9.999999580350923400e-01 2.555812711361880505e-04 -6.641181881308204993e+01 3.058754189052900838e-03 -2.551628294509886001e-04 9.999952894462760256e-01 -4.078208628487312581e-01
9.999968819263613806e-01 -6.163115911819742529e-05 -2.496465332239683910e-03 -3.521663209786989879e-01 6.221005738299234891e-05 9.999999711969754790e-01 2.318101745476835898e-04 -6.780938648272147873e+01 2.496450973604178499e-03 -2.319647569980624641e-04 9.999968569575046207e-01 -3.906117564461740743e-01
9.999996495391270113e-01 4.128117909519437847e-06 -8.372004430852085727e-04 -3.444535274989821150e-01 -3.939542728649289003e-06 9.999999746242502763e-01 2.252464846730301896e-04 -6.919626534742234014e+01 8.372013516846670477e-04 -2.252431075460325431e-04 9.999996241796490493e-01 -3.850890052023091537e-01
9.999904306502305218e-01 -5.245373066278796449e-05 -4.374455002916791124e-03 -3.499837083055881148e-01 5.127715194176849027e-05 9.999999624839740475e-01 -2.690775059707362820e-04 -7.061451850753746839e+01 4.374468952923649123e-03 2.688506214801195940e-04 9.999903958242415403e-01 -4.195995361786877820e-01
9.999805930699018353e-01 -1.304220826808181577e-04 -6.228681533665573339e-03 -3.851966492806251363e-01 1.295851177199386286e-04 9.999999825215472038e-01 -1.347761201286916876e-04 -7.201200021395831641e+01 6.228699002580139962e-03 1.339663601081693693e-04 9.999805924925491141e-01 -4.199084173138787346e-01
9.999737947450424436e-01 -6.820464671046718721e-05 -7.239141615264321414e-03 -4.103618914387173744e-01 6.610900279507214369e-05 9.999999558439907066e-01 -2.897267961440033951e-04 -7.338716518066820527e+01 7.239161056326491248e-03 2.892406313461649793e-04 9.999737550991314450e-01 -4.037863782918228450e-01
9.999969207033205798e-01 6.044006038833468384e-05 -2.480913314856325862e-03 -4.314267435276478713e-01 -6.259661561483740872e-05 9.999996202949992252e-01 -8.691901524460044328e-04 -7.476000838328410225e+01 2.480859838935831150e-03 8.693427727287981023e-04 9.999965447828322862e-01 -4.138133394176348179e-01
9.999976632355527251e-01 8.501043388640668703e-04 -1.987673526317793732e-03 -4.097602651575454336e-01 -8.521237826166083327e-04 9.999991214666341666e-01 -1.015357581758575276e-03 -7.614554937061143391e+01 1.986808620194529043e-03 1.017048952990929874e-03 9.999975090983647119e-01 -4.217293518933652452e-01
9.999798951781612155e-01 1.152064993581346491e-03 -6.235542135559263635e-03 -3.954715592603678109e-01 -1.154706279517477875e-03 9.999992451255610426e-01 -4.200020430599189607e-04 -7.754089186122965316e+01 6.235053558856850503e-03 4.271938186537973950e-04 9.999804706155812628e-01 -4.414440774148313262e-01
9.999828581783439807e-01 2.549472130172969952e-04 -5.849645407084453491e-03 -4.296950135323125419e-01 -2.538506924736479934e-04 9.999999500717069445e-01 1.881924802714080415e-04 -7.890737058245906610e+01 5.849693094169999483e-03 -1.867043177721605207e-04 9.999828729694333340e-01 -4.711069983418096907e-01
9.999887634237953904e-01 -1.715790320681879132e-04 -4.737466283181413287e-03 -4.327379987656939653e-01 1.708344944338768140e-04 9.999999729946316140e-01 -1.575636745365804230e-04 -8.025047178345317889e+01 4.737493189867157325e-03 1.567525814029595689e-04 9.999887657303476729e-01 -4.721445434006000252e-01
9.999971123916202576e-01 -1.642371271960264638e-04 -2.397547619399594855e-03 -4.404686183810088140e-01 1.631452444969666289e-04 9.999998829038717618e-01 -4.556049516033386869e-04 -8.160557450746614450e+01 2.397622165904438919e-03 4.552124875021025204e-04 9.999970220903364737e-01 -4.651584939038985178e-01
9.999999788033023806e-01 -1.970435816044766465e-04 5.972622331469651147e-05 -4.554920545144410804e-01 1.970684839993580659e-04 9.999998935442050430e-01 -4.172236704161709150e-04 -8.296306609094824580e+01 -5.964400571014495607e-05 4.172354317286905163e-04 9.999999111785895511e-01 -4.699811208405600960e-01
9.999991615676867562e-01 1.177626697041354111e-04 -1.289571974419341429e-03 -4.640024719074100634e-01 -1.180737079828482022e-04 9.999999639595107404e-01 -2.411214979023716871e-04 -8.428955389590660729e+01 1.289543532831220318e-03 2.412735602830468648e-04 9.999991394319027727e-01 -4.899962806625707823e-01
9.999955181991371234e-01 2.399224265293754019e-04 -2.984295372185785319e-03 -4.750428719383246734e-01 -2.398882981915031239e-04 9.999999711572534755e-01 1.179392286716078370e-05 -8.561486515587982637e+01 2.984298115737102873e-03 -1.107797247101267526e-05 9.999955469111024842e-01 -5.032522228872134962e-01
9.999886780351910920e-01 4.876260930253109344e-04 -4.733499997280007227e-03 -4.774189229794274514e-01 -4.876165721512030582e-04 9.999998811100221374e-01 3.165454300461624744e-06 -8.694566694476151270e+01 4.733500978072411117e-03 -8.572854183480251627e-07 9.999887969211233019e-01 -4.944832391715021092e-01
9.999923280026422612e-01 9.732476523483948134e-04 -3.794301630479701790e-03 -4.650748788106838227e-01 -9.755432987163485800e-04 9.999993422196703508e-01 -6.032209371862794428e-04 -8.828707078111074225e+01 3.793712051301760448e-03 6.069178148057661560e-04 9.999926196725843486e-01 -4.633968996628747283e-01
9.999967543344570053e-01 7.512302685713144685e-04 -2.434537663532730569e-03 -4.838947925518364834e-01 -7.540322771559488735e-04 9.999990542057595189e-01 -1.150227330330975658e-03 -8.961751842956891778e+01 2.433671275374747842e-03 1.152059317056018358e-03 9.999963749951563674e-01 -4.602029012327896185e-01
9.999998920779636924e-01 1.948348471385457118e-04 -4.217623067518779184e-04 -5.116195724782057752e-01 -1.949728441418385587e-04 9.999999274710443808e-01 -3.271750234323982445e-04 -9.093489276851819625e+01 4.216985310662202694e-04 3.272572203195027278e-04 9.999998575365202091e-01 -5.061533419089477848e-01
9.999939216590563174e-01 -7.433246697907147128e-04 -3.406481084104740799e-03 -5.183387877022002099e-01 7.444895400768485657e-04 9.999996648287550194e-01 3.407017791323986296e-04 -9.222562663062586807e+01 3.406226690312764462e-03 -3.432357977664106060e-04 9.999941398872902454e-01 -5.208226329527910758e-01
9.999792159064225805e-01 -1.184144974146485955e-03 -6.337630145130525132e-03 -5.098465649384174014e-01 1.185187539244353036e-03 9.999992847445853261e-01 1.607507841132183425e-04 -9.351192875276395000e+01 6.337435259873150546e-03 -1.682587233302267841e-04 9.999799040997419119e-01 -5.236297030962417942e-01
9.999809360715270490e-01 -8.885733368695378307e-04 -6.110477144833863228e-03 -4.896124364395259554e-01 8.871444516934268859e-04 9.999995785097179901e-01 -2.365483210552433979e-04 -9.480397956398358872e+01 6.110684759858099960e-03 2.311229356187315522e-04 9.999813028821860073e-01 -5.252374189242111635e-01
9.999903962982377159e-01 -9.707258870321811874e-04 -4.273757427094876382e-03 -5.120403928405222738e-01 9.684241861844186412e-04 9.999993849515377287e-01 -5.406025729757815658e-04 -9.610242121356776579e+01 4.274279575439125789e-03 5.364585711316148401e-04 9.999907213301093556e-01 -5.263253878194098512e-01
9.999978244712262043e-01 -1.122707578762702826e-03 -1.758004694865072893e-03 -5.463939708542722151e-01 1.122083473657030980e-03 9.999993071125716781e-01 -3.559537255025359216e-04 -9.737677627627810750e+01 1.758403108711031242e-03 3.539803231002443631e-04 9.999983913569252536e-01 -5.300311609081400643e-01
9.999996636585783971e-01 -3.698591553413424883e-04 -7.320429873813397983e-04 -5.383751846747614200e-01 3.693972622678510327e-04 9.999997326928764529e-01 -6.309990793809345860e-04 -9.864473012133818486e+01 7.322761724875556178e-04 6.307284524744060294e-04 9.999995329765041241e-01 -5.524708758623853022e-01
9.999914228846238373e-01 4.077050323193139058e-04 -4.121642123250029988e-03 -5.212875172335761365e-01 -4.104818952137460441e-04 9.999996893524721875e-01 -6.729038362579809179e-04 -9.992187639172756519e+01 4.121366496591784626e-03 6.745899241542847435e-04 9.999912795952947686e-01 -5.457719211724565422e-01
9.999958973497343750e-01 4.219312896453719327e-04 -2.833241551002963106e-03 -5.411378509657427394e-01 -4.236799793986167797e-04 9.999997201296024762e-01 -6.166327851305556090e-04 -1.011783097982371373e+02 2.832980581396256359e-03 6.178306430238561520e-04 9.999957962443252191e-01 -5.509172025704698328e-01
9.999941966866502385e-01 4.286113875552499566e-04 -3.379775924454937307e-03 -5.606319953761026431e-01 -4.294423772015451579e-04 9.999998777405137984e-01 -2.451493465669068528e-04 -1.024382830756635769e+02 3.379670437443679353e-03 2.465993428958377157e-04 9.999942584917667077e-01 -5.616489822043512214e-01
9.999979565734218312e-01 3.908560745811870104e-04 -1.983451665580500661e-03 -5.774333075071234056e-01 -3.920105255187607057e-04 9.999997539845471017e-01 -5.816859919011481026e-04 -1.036991590819224029e+02 1.983223822117307061e-03 5.824623371982973414e-04 9.999978637781667956e-01 -5.808402152534224427e-01
9.999923261524861218e-01 5.666116661547848307e-04 -3.876414239945643984e-03 -5.670809489873236409e-01 -5.669497876978090746e-04 9.999998355750234769e-01 -8.612702390647980673e-05 -1.049265742679579461e+02 3.876364801989807228e-03 8.832409521119747719e-05 9.999924829691351214e-01 -5.975355604274472654e-01
9.999898611310090724e-01 5.206771100165902277e-04 -4.472866031126116262e-03 -5.668370104302234980e-01 -5.211214794458539357e-04 9.999998593962489135e-01 -9.818292185681084714e-05 -1.061539722492603204e+02 4.472814280624367797e-03 1.005128329565325269e-04 9.999899918647093822e-01 -5.877881226083383481e-01
9.999970062399831106e-01 -8.550623820399727570e-05 -2.445444694604981782e-03 -5.799330945643856872e-01 8.389367292624698349e-05 9.999997790035588530e-01 -6.595109438613346638e-04 -1.073727995465470570e+02 2.445500546470271569e-03 6.593038121064718864e-04 9.999967924176359491e-01 -5.815356589397827625e-01
9.999963008862943203e-01 -8.885766508877417872e-04 -2.570728547202890193e-03 -5.957607721645898913e-01 8.865148215968614298e-04 9.999992845854123180e-01 -8.030691966894816557e-04 -1.085859323280254642e+02 2.571440296603412327e-03 8.007872370858120986e-04 9.999963732107242098e-01 -6.017059471235873813e-01
9.999991247643966741e-01 -9.206250030545646331e-04 -9.502210502502877717e-04 -5.971992430214094760e-01 9.210104029029114389e-04 9.999994937633785996e-01 4.052318155242234932e-04 -1.098132069514353191e+02 9.498475026721888955e-04 -4.061066243232487431e-04 9.999994664334233008e-01 -6.195588686074531282e-01
9.999976819622683477e-01 -8.147291832377954188e-04 -1.993059569623050267e-03 -5.949473936365623494e-01 8.148873470439987150e-04 9.999996648944720068e-01 7.854651673478750345e-05 -1.110150846728669620e+02 1.992994907598345106e-03 -8.017045368618880958e-05 9.999980107700198184e-01 -6.284106949213144055e-01
9.999970215646658556e-01 -6.506665167765211463e-04 -2.352338173231956382e-03 -6.011667277174558288e-01 6.494435953883792058e-04 9.999996535985890000e-01 -5.206013047061299956e-04 -1.122022382369570437e+02 2.352676096216256042e-03 5.190720431680160164e-04 9.999970977354886159e-01 -6.011432259857039107e-01
9.999998767533700983e-01 -3.783296798384668284e-04 -3.214963419395293711e-04 -6.082822723662792974e-01 3.781520313352583701e-04 9.999997759005585518e-01 -5.524489785186070508e-04 -1.134011562162627058e+02 3.217052777375487634e-04 5.523273359363608951e-04 9.999997957200932319e-01 -6.050517012336997791e-01
9.999996858717816739e-01 -3.174434993468257596e-04 -7.262822885548836241e-04 -6.150978366109546291e-01 3.171832740881874377e-04 9.999998854775424828e-01 -3.583848106269406299e-04 -1.145941184576199703e+02 7.263959723076493383e-04 3.581543334539624810e-04 9.999996720371286951e-01 -6.256221872094946956e-01
9.999994441306782056e-01 -1.544308337502412073e-04 -1.043019392083892761e-03 -6.178536484161593068e-01 1.544062094444372695e-04 9.999999877987730823e-01 -2.368915805473763251e-05 -1.157749487338330425e+02 1.043023037694205523e-03 2.352809621595269144e-05 9.999994557745376378e-01 -6.677956833013589666e-01
9.999995398290127957e-01 -2.384667775064382774e-04 -9.292337481719502952e-04 -6.382474893489575862e-01 2.388174018640134481e-04 9.999999003305100054e-01 3.772336393154748931e-04 -1.169313066886710004e+02 9.291436978653618570e-04 -3.774553829129614403e-04 9.999994971095849117e-01 -6.614177521435777862e-01
9.999986996960010810e-01 -1.033009725527163700e-05 -1.612606460401842887e-03 -6.448698751839081478e-01 1.065760090844270150e-05 9.999999793222265065e-01 2.030811711939872115e-04 -1.181167694264861012e+02 1.612604329208482644e-03 -2.030980936428055316e-04 9.999986791283484999e-01 -6.513523954448787734e-01
9.999958827987759369e-01 4.257909153334277609e-04 -2.837796256470958688e-03 -6.449864660229417401e-01 -4.266427572484960849e-04 9.999998641142828770e-01 -2.995786600082041740e-04 -1.192661185251674141e+02 2.837668312983119678e-03 3.007881518019487450e-04 9.999959285742283654e-01 -6.523308357452062278e-01
9.999982939920970537e-01 6.938718908155739598e-04 -1.711886297207225764e-03 -6.487944578213354907e-01 -6.941409100940865639e-04 9.999997468288491786e-01 -1.565587255512542505e-04 -1.204111848022064777e+02 1.711777232108079765e-03 1.577467487731521823e-04 9.999985224662438776e-01 -6.617855094699310881e-01
9.999998238632684666e-01 5.822451680692090556e-04 -1.151694247620063379e-04 -6.584470958880904723e-01 -5.822096356553881167e-04 9.999997829864859522e-01 3.083162681983675881e-04 -1.215604518626195727e+02 1.153489154260803784e-04 -3.082491611437185091e-04 9.999999458385396833e-01 -6.654052337142982720e-01
9.999999091053681788e-01 3.103838102554774174e-04 -2.923202794068157652e-04 -6.580191555914073342e-01 -3.104860676261161955e-04 9.999998906078435557e-01 -3.498323923465193218e-04 -1.226967832240288345e+02 2.922116651183827448e-04 3.499231219226731603e-04 9.999998960830703831e-01 -6.818140887718771026e-01
9.999994281121311612e-01 1.306470864125973581e-05 -1.069394559565202971e-03 -6.601950872826436445e-01 -1.335607677055839813e-05 9.999999627951772219e-01 -2.724541420044382552e-04 -1.238250734796015280e+02 1.069390960244584509e-03 2.724682691070552101e-04 9.999993910818228970e-01 -7.002512869130088635e-01
9.999980260968019952e-01 -4.027998870314355171e-05 -1.986499439260486569e-03 -6.626140401617487408e-01 4.145274134524578008e-05 9.999998248997331585e-01 5.903237867899116705e-04 -1.249338402280940699e+02 1.986475313188441894e-03 -5.904049673953392849e-04 9.999978526665967982e-01 -6.907855184081992395e-01
9.999974951682257807e-01 -4.372768556831686142e-05 -2.237799178601997726e-03 -6.723268370399383409e-01 4.488438375527531844e-05 9.999998654291583078e-01 5.168433587154446212e-04 -1.260334401105119468e+02 2.237776277095600719e-03 -5.169425063468770232e-04 9.999973625604113847e-01 -7.050423028944194925e-01
9.999999895004536565e-01 -1.221114376325991323e-05 -1.443952235413132972e-04 -6.781861088624187017e-01 1.221237053262925358e-05 9.999999998893461806e-01 8.495035127301938478e-06 -1.271423429586771192e+02 1.443951197912402029e-04 -8.496798446080951135e-06 9.999999895389268811e-01 -7.135290757974507292e-01
9.999999455737743626e-01 3.273184587493606552e-04 4.141346323937022131e-05 -6.730690318584007237e-01 -3.273466468222462696e-04 9.999997135298804851e-01 6.824839409772755954e-04 -1.282532641289556921e+02 -4.119006178396858355e-05 -6.824974603905753891e-04 9.999997662502703166e-01 -7.197141432279634543e-01
9.999990931829926266e-01 2.057674283708746984e-05 1.346554785401884611e-03 -6.996055555236692092e-01 -2.162148365480359350e-05 9.999996987929404835e-01 7.758521377467911305e-04 -1.293496317448305035e+02 -1.346538415300159485e-03 -7.758805487031603327e-04 9.999987924211060086e-01 -7.179554673545052168e-01
9.999982110985985440e-01 -1.946013188570825585e-04 1.881470151085662965e-03 -7.028018380829937906e-01 1.950500770433293148e-04 9.999999525761616992e-01 -2.383340970747390201e-04 -1.304215558787163047e+02 -1.881423681729507387e-03 2.387006516164627209e-04 9.999982016318472722e-01 -7.270605764487347855e-01
9.999979458607738403e-01 -2.453948495215699135e-04 -2.011978031831036708e-03 -6.898047937467897128e-01 2.456603972626026180e-04 9.999999611481191764e-01 1.317373501263401276e-04 -1.315047907236654794e+02 2.011945625994695109e-03 -1.322313428420649199e-04 9.999979672927690189e-01 -7.373256247480164394e-01
9.999963458766543134e-01 -7.097435125688139829e-04 -2.608543172946429806e-03 -6.940100406007990719e-01 7.116223212124025673e-04 9.999994880324700741e-01 7.193945160450621957e-04 -1.325886181945793396e+02 2.608031251866284577e-03 -7.212481848364811531e-04 9.999963389803210312e-01 -7.422593032792652590e-01
9.999977829767566773e-01 -1.214865663693844109e-03 -1.719925286327311873e-03 -7.057169698605816333e-01 1.216236708164827440e-03 9.999989433111393655e-01 7.963321382819409837e-04 -1.336537986335659980e+02 1.718956032329725919e-03 -7.984222090636131216e-04 9.999982038544544816e-01 -7.478890660542949487e-01
9.999993198145720186e-01 -9.706835246456289867e-04 -6.466404628534941140e-04 -6.984988099225443170e-01 9.712081702512118803e-04 9.999991990937127095e-01 8.115211784924607728e-04 -1.347164344715518212e+02 6.458522147172182171e-04 -8.121486490083190419e-04 9.999994616445994078e-01 -7.483759504419964514e-01
9.999980635346116253e-01 -1.234500540998757648e-03 1.532623711512283438e-03 -7.171678684742623933e-01 1.234082025834392195e-03 9.999992009860971809e-01 2.739867165340553311e-04 -1.357584521500548362e+02 -1.532960723674418012e-03 -2.720948025935169970e-04 9.999987879971845572e-01 -7.398959193534988543e-01
9.999989934118762580e-01 -1.369337160387442244e-03 3.716059412243412547e-04 -7.300525464281977239e-01 1.369746846866324490e-03 9.999984519689840701e-01 -1.104469651418162534e-03 -1.367901703749587341e+02 -3.700929746306114393e-04 1.104977545738397007e-03 9.999993210276763023e-01 -7.490432406723177561e-01
9.999964601375035400e-01 -8.501474499834477377e-04 -2.521301603456680123e-03 -7.240876074265852891e-01 8.496339717557657278e-04 9.999996181058218303e-01 -2.047201128357842325e-04 -1.378525832918453204e+02 2.521474682868163602e-03 2.025772046593954780e-04 9.999968005588316666e-01 -7.476886164603766538e-01
9.999948958758019257e-01 -3.176011707760388017e-04 -3.179206165115241317e-03 -7.176855573769228558e-01 3.191045635663908330e-04 9.999998375113888782e-01 4.723869952441785060e-04 -1.388929941600924565e+02 3.179055617867698053e-03 -4.733990833180918992e-04 9.999948347360032574e-01 -7.659086989410091029e-01
9.999996848354484325e-01 3.640654625463913779e-06 -7.939242718261710526e-04 -7.201355032659474409e-01 -3.052174106169432912e-06 9.999997252843544349e-01 7.412299912851463488e-04 -1.399154330034167231e+02 7.939267522851483749e-04 -7.412273344806238722e-04 9.999994101310013539e-01 -7.808733960306794009e-01
9.999977217735166457e-01 4.166433352791864826e-05 2.134177091922566036e-03 -7.455604614945153807e-01 -4.290538817935634470e-05 9.999998300247705529e-01 5.814718890234153942e-04 -1.409030102279217829e+02 -2.134152502526603934e-03 -5.815621319953308841e-04 9.999975535862988263e-01 -7.924582269177313787e-01
9.999962413521299442e-01 2.217942493503200865e-05 2.741676437124144355e-03 -7.722617917364763551e-01 -2.237711233427205478e-05 9.999999971523078068e-01 7.207391508309496440e-05 -1.419129760602008616e+02 -2.741674830758704384e-03 -7.213499498424528816e-05 9.999962390007598456e-01 -7.839736558461751770e-01
9.999965639865545652e-01 3.799214453824170467e-05 2.621177537231179390e-03 -7.937858545905457364e-01 -3.931116315298066507e-05 9.999998726391114978e-01 5.031663674183148348e-04 -1.429445025833277612e+02 -2.621158087026321214e-03 -5.032676800697301897e-04 9.999964381196190244e-01 -7.982935288481624037e-01
9.999979672169260203e-01 7.492334271782220769e-05 2.014931390536474007e-03 -8.037559539105713080e-01 -7.629901336189001356e-05 9.999997640700349910e-01 6.826700044711100273e-04 -1.439457710475934675e+02 -2.014879767235073019e-03 -6.828223540281695486e-04 9.999977370040176172e-01 -8.001135148958510301e-01
9.999997418126670423e-01 5.135113509952958944e-04 5.026735438896053672e-04 -7.842847335357681082e-01 -5.132260546304901090e-04 9.999997072585705693e-01 -5.675225018163424862e-04 -1.449204623768796694e+02 -5.029648259828615933e-04 5.672643701295237593e-04 9.999997126187177843e-01 -7.853932727021780691e-01
9.999996819976370022e-01 5.183062772664429399e-04 6.061049643612335513e-04 -7.783685117208383186e-01 -5.178652145652624245e-04 9.999996011843979016e-01 -7.276308574327420469e-04 -1.458909913452800140e+02 -6.064818582780574265e-04 7.273167453669919643e-04 9.999995515949532399e-01 -7.935563813714049397e-01
9.999997148791753832e-01 -3.070629775430586887e-04 6.898941192862770690e-04 -8.015856391354633237e-01 3.068272873795622265e-04 9.999998945448748122e-01 3.417122401693159506e-04 -1.468656451700729519e+02 -6.899989737113356716e-04 -3.415004643988405700e-04 9.999997036393806216e-01 -8.093769171529370254e-01
9.999966672119008360e-01 -4.153948692764230068e-04 2.548138966655633716e-03 -7.980898603628996391e-01 4.169434741448309507e-04 9.999997287097605048e-01 -6.072384579416212173e-04 -1.478492411892342773e+02 -2.547886031630546780e-03 6.082988640578764188e-04 9.999965691187454597e-01 -7.870580086939402698e-01
9.999954851616315032e-01 -5.174043299689113067e-04 -2.960058971118194760e-03 -7.846769999553298014e-01 5.147658096926255918e-04 9.999994696164714592e-01 -8.920666661523744259e-04 -1.488021310531241852e+02 2.960518960307361499e-03 8.905389014625572338e-04 9.999952211225564547e-01 -7.823731630019649108e-01
9.999964336188639225e-01 -9.606216463371070350e-04 -2.491978251446303610e-03 -7.921140927146360644e-01 9.616598877955339362e-04 9.999994512978687133e-01 4.154686772597537044e-04 -1.497364612176869230e+02 2.491577775887775063e-03 -4.178636310657752456e-04 9.999968087099940783e-01 -8.046820647228770662e-01
9.999971295370885249e-01 -1.276296962551029665e-03 -2.027802664658975417e-03 -7.986539427572563188e-01 1.278003672352775013e-03 9.999988300635288541e-01 8.405820525214269690e-04 -1.506794040158209214e+02 2.026727459938273534e-03 -8.431711789140621492e-04 9.999975907161807731e-01 -8.472877948807553405e-01
9.999969439160518725e-01 -1.382048979949595299e-03 2.049902235159953724e-03 -8.040004525282534731e-01 1.382838443965336665e-03 9.999989702442728667e-01 -3.837554322002930795e-04 -1.516388145101006160e+02 -2.049369755457764158e-03 3.865889430286263174e-04 9.999978253139326645e-01 -8.496262218584414994e-01
9.999746611063684565e-01 -9.319802095413742739e-04 7.057517842166117356e-03 -7.997083766683342754e-01 9.359347268896884425e-04 9.999994068633860644e-01 -5.570449380830315303e-04 -1.525700235374181943e+02 -7.056994501235763426e-03 5.636361992147244241e-04 9.999749402574268364e-01 -8.349428937246682336e-01
9.999900158869875488e-01 -9.226721538991154888e-04 4.372276573923025884e-03 -8.148558729311705662e-01 9.231544711620204551e-04 9.999995680288336075e-01 -1.082957457282952694e-04 -1.534890588539687144e+02 -4.372174763756645106e-03 1.123309511597051603e-04 9.999904356890583212e-01 -8.272842961948825291e-01
9.999977243088291612e-01 -9.316177153845571837e-04 1.919235679956959048e-03 -8.279995981010734862e-01 9.315939989302762618e-04 9.999995659784195468e-01 1.325117732621143762e-05 -1.543926626043680415e+02 -1.919247191998802718e-03 -1.146319872864342173e-05 9.999981581777094286e-01 -8.260431180801477424e-01
9.999989473555037645e-01 -9.421643575888549033e-04 -1.103455575777289926e-03 -8.359912125885500256e-01 9.417726317902034953e-04 9.999994933543530085e-01 -3.554649734604698364e-04 -1.553033654788906972e+02 1.103789923144691534e-03 3.544253950205585361e-04 9.999993280149966912e-01 -8.376539720583274784e-01
9.999948124733544219e-01 -7.930340512126819600e-04 -3.121878180575055582e-03 -8.290247130742747217e-01 7.930821203849992449e-04 9.999996854100786647e-01 1.415959100533779950e-05 -1.562199088032758993e+02 3.121865969425825782e-03 -1.663542331911629804e-05 9.999951268261918491e-01 -8.568985097687974450e-01
9.999983724316283684e-01 -5.158964642730835826e-04 -1.728868107309280977e-03 -8.227302893355441515e-01 5.165642860434371559e-04 9.999997921395316069e-01 3.858526039783809853e-04 -1.571197905425087242e+02 1.728668687951823157e-03 -3.867450474964020729e-04 9.999984310651869324e-01 -8.625658746872120197e-01
9.999998487992302065e-01 -2.336549018459799709e-04 -4.978020726910767791e-04 -8.264760346224977461e-01 2.337082319943800928e-04 9.999999669576220551e-01 1.070757535438486579e-04 -1.579999109775028217e+02 4.977770374678281307e-04 -1.071920777962040758e-04 9.999998703639313424e-01 -8.745648234719901604e-01
9.999997700283367319e-01 -5.534396875639096408e-04 -3.919793180529835088e-04 -8.488817331968580016e-01 5.533454686412633914e-04 9.999998179999444181e-01 -2.404347526249347685e-04 -1.588865820486951463e+02 3.921123128470981240e-04 2.402177973523090778e-04 9.999998942716663564e-01 -8.758804704671756536e-01
9.999993879273363362e-01 -8.462028300241227841e-04 -7.128013210135452759e-04 -8.570044361008303246e-01 8.462892562028772334e-04 9.999996345820360011e-01 1.209557325563126581e-04 -1.597747490385647495e+02 7.126987074599409975e-04 -1.215588946223962279e-04 9.999997386419595680e-01 -8.813559760121981723e-01
9.999996706726534956e-01 -7.819942192832009123e-04 2.171166173407145720e-04 -8.508266954790183467e-01 7.820572741272690176e-04 9.999996520019763802e-01 -2.904863959130962086e-04 -1.606382779368354647e+02 -2.168893831021763961e-04 2.906560978779074156e-04 9.999999342390120116e-01 -8.777515941325080284e-01
9.999997999095292522e-01 1.128915579038963806e-04 -6.224438910512783115e-04 -8.240440026170251508e-01 -1.132081062045040850e-04 9.999998642827473416e-01 -5.085453879897562125e-04 -1.614900835238387629e+02 6.223863960937884654e-04 5.086157519287946415e-04 9.999996769725432166e-01 -8.545643838692191796e-01
9.999980676484399034e-01 1.169469745083700108e-04 -1.962402301075113001e-03 -8.380775943744811496e-01 -1.170160016397287775e-04 9.999999925390247180e-01 -3.506003218923808438e-05 -1.623362919933973956e+02 1.962398186268986960e-03 3.528959691181059568e-05 9.999980738721464535e-01 -8.742351804781606228e-01
9.999909603130910929e-01 -4.274873475705247652e-04 -4.230431026439302779e-03 -8.568774548901735288e-01 4.279762504460654670e-04 9.999999018442996546e-01 1.146635086402907576e-04 -1.631784214334969647e+02 4.230381593999210134e-03 -1.164729961265389805e-04 9.999910451127101974e-01 -8.988912887202930024e-01
9.999963795654638332e-01 -4.975268814107249851e-04 -2.644489169390459426e-03 -8.594677592204452710e-01 4.977482330109087505e-04 9.999998726750639610e-01 8.304548394863561637e-05 -1.640221325525524776e+02 2.644447515320400791e-03 -8.436147309917803891e-05 9.999964998841148756e-01 -9.131580733587304488e-01
9.999987617734892309e-01 -5.026611955023452738e-04 -1.491235464602646762e-03 -8.523174502697533628e-01 5.030508861309834811e-04 9.999998394205908969e-01 2.609570815405885466e-04 -1.648553440224390272e+02 1.491104052142355144e-03 -2.617069257385102677e-04 9.999988540584388019e-01 -9.178127458478152478e-01
9.999989548773629000e-01 -9.117811330837437495e-04 -1.122006839262562053e-03 -8.622635884250910987e-01 9.118168485693207937e-04 9.999995838044385410e-01 3.132066862567916101e-05 -1.656773325365795699e+02 1.121977814693567296e-03 -3.234370063198898834e-05 9.999993700596357948e-01 -9.061931191403875818e-01
9.999980831408932236e-01 -1.061122951243345875e-03 -1.645518952060761502e-03 -8.745994472529395880e-01 1.060749603012453275e-03 9.999994114713062210e-01 -2.277439811042125521e-04 -1.664849186589409271e+02 1.645759647990999294e-03 2.259980609759404293e-04 9.999986201990768153e-01 -9.061446497623789620e-01
9.999960991170131486e-01 -1.120103167152754643e-03 -2.558733993922304804e-03 -8.810010182620992003e-01 1.120391114351044787e-03 9.999993661895801855e-01 1.111044045170135668e-04 -1.673010128056117480e+02 2.558607923774653629e-03 -1.139707539425107260e-04 9.999967202627014773e-01 -9.090102971640593443e-01
9.999985467102070480e-01 -9.945103117915982810e-04 1.384747888109179922e-03 -8.851987209636239529e-01 9.943577007712478544e-04 9.999994994776684187e-01 1.108926303092734925e-04 -1.681202027222332447e+02 -1.384857478876282567e-03 -1.095155344239776712e-04 9.999990350875899159e-01 -9.211936093349935017e-01
9.999982871441278620e-01 -8.939923334801504239e-04 1.620643859094390848e-03 -8.835341739572544206e-01 8.955321019996526381e-04 9.999991481214849376e-01 -9.496202181052421781e-04 -1.689272431939176329e+02 -1.619793525308002840e-03 9.510699301444030390e-04 9.999982358659056381e-01 -8.937970636937546676e-01
9.999949736225718366e-01 -9.776876963804833134e-04 -3.016099527570906616e-03 -8.884791546183189448e-01 9.758239609753177786e-04 9.999993320933423524e-01 -6.193387331881907007e-04 -1.696961348498419682e+02 3.016703032957281788e-03 6.163924379702718148e-04 9.999952597703517521e-01 -9.029617257143094378e-01
9.999942939373108741e-01 -1.417117359982210563e-03 -3.066573202649245430e-03 -9.121907807319900030e-01 1.417658123075018085e-03 9.999989799537951640e-01 1.741746687829730960e-04 -1.704725622490814487e+02 3.066323248656086745e-03 -1.785210273421340438e-04 9.999952828848631681e-01 -9.235142037889078059e-01
9.999976202045701701e-01 -9.356484367316423570e-04 1.970823989859655633e-03 -9.077902009717160325e-01 9.356279836551863486e-04 9.999995622361985692e-01 1.129988611550168887e-05 -1.712476515900254128e+02 -1.970833699825033387e-03 -9.455901148312695657e-06 9.999980578606708637e-01 -9.315156556393158205e-01
9.999947608472726790e-01 -3.544666311422803155e-04 3.217550530044853939e-03 -8.996413267161561533e-01 3.552646153249187770e-04 9.999999062798289318e-01 -2.474416828264503756e-04 -1.720269451435342205e+02 -3.217462518675752448e-03 2.485834682930277567e-04 9.999947930570439736e-01 -9.272690254279684074e-01
9.999998945927985883e-01 -3.297498555437813309e-04 3.194987081750027798e-04 -8.957849814713702008e-01 3.297727554043327681e-04 9.999999430599419981e-01 -7.162431496139575414e-05 -1.727803123866577266e+02 -3.194750718752159026e-04 7.172966938102015360e-05 9.999999463952650158e-01 -9.336051031955714397e-01
9.999998016511366661e-01 -5.478460484149932051e-04 -3.107449025972310107e-04 -9.075644172343452221e-01 5.477232490805105172e-04 9.999997719377732297e-01 -3.951248459770597332e-04 -1.735300982477042737e+02 3.109612993135556637e-04 3.949545653968098693e-04 9.999998736569728486e-01 -9.149729830281121412e-01
9.999996376011678345e-01 -7.108338763379369119e-04 4.685218598354249286e-04 -9.209667037000903722e-01 7.110973847547851596e-04 9.999995889678311434e-01 -5.624986028803253407e-04 -1.742705512836566584e+02 -4.681218241955485606e-04 5.628315637007180131e-04 9.999997320412583601e-01 -9.229882858741250695e-01
9.999987395609969409e-01 -6.157320324976477133e-04 -1.463472063822870983e-03 -9.156633539786771525e-01 6.148649176698571094e-04 9.999996352163824653e-01 -5.928812992096043222e-04 -1.750131827606309685e+02 1.463836585979629446e-03 5.919807142888561247e-04 9.999987533698646569e-01 -9.179996847752859290e-01
9.999997004206384599e-01 -5.946902838644858857e-04 -4.954816844196651294e-04 -9.165190949760853023e-01 5.943967552967319157e-04 9.999996479085087042e-01 -5.923473270445506330e-04 -1.757425503709473844e+02 4.958337731648463764e-04 5.920526368839886108e-04 9.999997018112277702e-01 -9.113328976181575003e-01
9.999991845261794188e-01 -4.322629789398031784e-04 1.201705327070843460e-03 -9.197486776695547039e-01 4.331662341031158729e-04 9.999996238179521546e-01 -7.514858400126388531e-04 -1.764621121956758145e+02 -1.201380035503037732e-03 7.520057653666386991e-04 9.999989955861651181e-01 -9.288278902774952384e-01
9.999937420382243314e-01 -2.755525689047576472e-04 3.527032062668259294e-03 -9.184687610132531432e-01 2.779947653311480604e-04 9.999997219613239174e-01 -6.919509992206645307e-04 -1.771847795808633634e+02 -3.526840413141542948e-03 6.929271654683376823e-04 9.999935406034599072e-01 -9.500146248434081508e-01
9.999966200376344538e-01 -3.510334662051565633e-04 2.576177170270411293e-03 -9.142035305567307590e-01 3.508107439785712513e-04 9.999999346895900310e-01 8.690591242772982930e-05 -1.778939789832231781e+02 -2.576207508902897750e-03 -8.600186805929330223e-05 9.999966778737565676e-01 -9.676567297921432331e-01
9.999984370733726591e-01 -5.091713781942350378e-04 1.693102276784951010e-03 -9.160025759636354348e-01 5.090344910334395007e-04 9.999998671387277938e-01 8.127984770067151800e-05 -1.785790328403035119e+02 -1.693143437209301567e-03 -8.041787321050248075e-05 9.999985633981014477e-01 -9.761463236465542925e-01
9.999998018171719627e-01 -6.184992051053042703e-04 1.175769965939233260e-04 -9.249299126767432933e-01 6.185385218627026480e-04 9.999997527097619354e-01 -3.346498349191328139e-04 -1.792461118514729037e+02 -1.173699868613937313e-04 3.347224944989603593e-04 9.999999370925669595e-01 -9.675974889880152308e-01
9.999996735861033104e-01 -7.251258242773958715e-04 -3.563989698982916298e-04 -9.334383087293265380e-01 7.250134938592019520e-04 9.999996874990394469e-01 -3.152098621076429206e-04 -1.799415267179321347e+02 3.566274253343523597e-04 3.149513651563898265e-04 9.999998868112521810e-01 -9.720926889571447349e-01
9.999998399398311033e-01 -5.477711062159921216e-04 -1.416584888882146519e-04 -9.360694952172944339e-01 5.477156999852905933e-04 9.999997736145012084e-01 -3.908688506313703535e-04 -1.806331978349834628e+02 1.418725634814826920e-04 3.907911994904358683e-04 9.999999135772033032e-01 -9.799393792753594568e-01
9.999977058463737078e-01 -6.107086611848382791e-04 2.053128568926791513e-03 -9.480641028331655562e-01 6.123420233708627399e-04 9.999994964952853005e-01 -7.950134729723380657e-04 -1.812881391113747327e+02 -2.052642013553174563e-03 7.962688659914333349e-04 9.999975763053914335e-01 -9.631793182731581693e-01
9.999981481623313462e-01 -8.888920812689140834e-04 1.706910301050235373e-03 -9.536703384775017112e-01 8.904093334215847132e-04 9.999992090166995862e-01 -8.883339429059009754e-04 -1.819499630405838388e+02 -1.706119317905320423e-03 8.898521467190117270e-04 9.999981486583012780e-01 -9.387440536670165203e-01
9.999930736036201084e-01 -8.529917970637693626e-04 3.622864857941850755e-03 -9.485382033578343419e-01 8.561133125038601719e-04 9.999992636041505900e-01 -8.601518195552089333e-04 -1.825953831752970586e+02 -3.622128487632895934e-03 8.632474446370461867e-04 9.999930674705042044e-01 -9.531856120264585730e-01
9.999982809635554748e-01 -6.187769882498554566e-04 1.747908742712628218e-03 -9.399118756531248398e-01 6.196527467685165403e-04 9.999996827475091665e-01 -5.005350680890662636e-04 -1.832132059987594630e+02 -1.747598468602280190e-03 5.016173041045649808e-04 9.999983471384703559e-01 -9.976140600444513007e-01
9.999984477129757465e-01 -2.678964008696934490e-04 -1.741494518341891225e-03 -9.213458735409947309e-01 2.669923948436105738e-04 9.999998295162912942e-01 -5.193095892154309199e-04 -1.838687910269042334e+02 1.741633342615334784e-03 5.188438173058349413e-04 9.999983487558332662e-01 -9.938490342165645641e-01
9.999994343497449201e-01 -4.591079603740240065e-04 -9.594373720739994820e-04 -9.375577798012528774e-01 4.583086261131166382e-04 9.999995478803915816e-01 -8.331819823313736922e-04 -1.845062719363410793e+02 9.598194587740790495e-04 8.327417926179360354e-04 9.999991926435307654e-01 -9.760935359188087634e-01
9.999959003314005113e-01 -8.518207858908471769e-04 2.733810845764549687e-03 -9.672359605554967654e-01 8.548109142163692843e-04 9.999990375686655941e-01 -1.092776300782710534e-03 -1.851402122860630470e+02 -2.732877365091993405e-03 1.095108712110386736e-03 9.999956660497164584e-01 -9.765879625645599305e-01
9.999969225859173250e-01 -9.074125651093738112e-04 2.308987035803493609e-03 -9.650856605532880383e-01 9.083485318873635913e-04 9.999995057052100123e-01 -4.043417863557737467e-04 -1.857454191869306328e+02 -2.308618989665693708e-03 4.064379070127852977e-04 9.999972525395198764e-01 -1.000721486551154227e+00
9.999997574707725212e-01 -5.583837627040859472e-04 4.162522909484997068e-04 -9.557365327959579382e-01 5.585314010700899228e-04 9.999997811319425445e-01 -3.546529866486084143e-04 -1.863378656488287390e+02 -4.160541673750303509e-04 3.548853906101556450e-04 9.999998504776335118e-01 -1.006164797826478274e+00
9.999942041080679411e-01 -2.828971966849541295e-04 3.392892489891474392e-03 -9.544453265664274433e-01 2.845801863588169850e-04 9.999998367165068291e-01 -4.955613758197687999e-04 -1.869608671062804603e+02 -3.392751742964132330e-03 4.965240535766575741e-04 9.999941213324580191e-01 -1.025166193954359262e+00
9.999884086616303014e-01 -4.139638442100518475e-04 4.796996593292846695e-03 -9.688516411423165886e-01 4.165842884852554405e-04 9.999997645628406762e-01 -5.452813895855396090e-04 -1.875527444980861844e+02 -4.796769737121385838e-03 5.472734224571293134e-04 9.999883456780334079e-01 -1.026229430226348383e+00
9.999989337710398773e-01 -6.759245595757850701e-04 1.294443035921395788e-03 -9.754544536114528874e-01 6.764276480200075072e-04 9.999996958521544244e-01 -3.882540865272424970e-04 -1.881329081066029119e+02 -1.294180211746895869e-03 3.891292696177756907e-04 9.999990868375785436e-01 -1.021428774728604605e+00
9.999984134076407294e-01 -5.674953724504445095e-04 -1.688529301928422830e-03 -9.655047748906329108e-01 5.667526469722715572e-04 9.999997424586655193e-01 -4.403112988490183195e-04 -1.886954358382858175e+02 1.688778741686867675e-03 4.393536218031177500e-04 9.999984774962192846e-01 -1.017013544208517972e+00
9.999995524087285093e-01 -3.007566914965197720e-04 8.970661932670393824e-04 -9.642996534936217889e-01 3.011150624653277435e-04 9.999998749110935448e-01 -3.993839209959544221e-04 -1.892448934145824921e+02 -8.969459636672946290e-04 3.996538623780185274e-04 9.999995178822480568e-01 -1.026723658201363243e+00
9.999886961875135150e-01 -3.407563335857504956e-04 4.742508019805673040e-03 -9.778205451816077698e-01 3.419811606162035961e-04 9.999999083823488677e-01 -2.574571416084958696e-04 -1.898242596969906799e+02 -4.742419855156596899e-03 2.590760797580885996e-04 9.999887211031444068e-01 -1.041904649144057338e+00
9.999959852484490153e-01 -3.181189955429934669e-04 2.815721450798005891e-03 -9.818153000042486589e-01 3.194119364490668588e-04 9.999998437628603298e-01 -4.587485911086872049e-04 -1.903824124499152788e+02 -2.815575074236730327e-03 4.596461243881700895e-04 9.999959306229408984e-01 -1.022556303902030006e+00
9.999996940164905812e-01 -2.071422476124201272e-04 -7.543600031571867865e-04 -9.703810153987338927e-01 2.066094619357028374e-04 9.999997292373012936e-01 -7.062845421041286792e-04 -1.909329439385158480e+02 7.545061002721418835e-04 7.061284680783476604e-04 9.999994660514230915e-01 -1.027102160901320227e+00
9.999981448753316737e-01 -5.132424152441763003e-04 1.856563523917947748e-03 -9.754656698356958255e-01 5.142691141829480684e-04 9.999997150938718660e-01 -5.525752920084129206e-04 -1.914833552383153119e+02 -1.856279389894147742e-03 5.535290401912271695e-04 9.999981239144543066e-01 -1.038035518556215786e+00
9.999993418478645424e-01 -5.784966018076067445e-04 9.907802578957968648e-04 -9.807038436541302140e-01 5.786655828848199633e-04 9.999998180762051936e-01 -1.702753644683776028e-04 -1.920024335560475208e+02 -9.906815739295759399e-04 1.708485828367289135e-04 9.999994946802627238e-01 -1.050739829317519636e+00
9.999985913499198631e-01 -5.155371022402431211e-04 1.597347699244745485e-03 -9.863381257820968973e-01 5.159544056901671158e-04 9.999998328750220322e-01 -2.608466585158718937e-04 -1.925258414454136187e+02 -1.597212956157586248e-03 2.616704496570498016e-04 9.999986902188164883e-01 -1.057342092026841707e+00
9.999934596036089696e-01 -3.710789211613419749e-04 3.597645124178195947e-03 -9.864146549372392325e-01 3.726370512621460479e-04 9.999998370701013162e-01 -4.324365836347491090e-04 -1.930394250973543535e+02 -3.597484069913314039e-03 4.337743711986395321e-04 9.999934349525309019e-01 -1.061268458317184304e+00
9.999972199569269193e-01 -2.596883050436047400e-04 2.343638283057720810e-03 -9.846615118576677039e-01 2.611325777140853033e-04 9.999997761969313670e-01 -6.159674213133223709e-04 -1.935598684733933794e+02 -2.343477799008677857e-03 6.165777092034436819e-04 9.999970639675569428e-01 -1.050185009142157622e+00
9.999966239221868003e-01 -3.557207903778692349e-04 2.574025436501254597e-03 -9.977731481936382707e-01 3.565133798651851853e-04 9.999998891814299018e-01 -3.074659945665352868e-04 -1.940691992736688292e+02 -2.573915779204835174e-03 3.083826310456387609e-04 9.999966399232121939e-01 -1.052903355304473765e+00
9.999955330522370955e-01 -3.651558280250296554e-04 2.966569869968729931e-03 -9.979194880024125913e-01 3.654882145232014705e-04 9.999999269927541956e-01 -1.115026966933928406e-04 -1.945614608220327000e+02 -2.966528937528095915e-03 1.125864449417044886e-04 9.999955935054689604e-01 -1.064175722534425272e+00
9.999926009625553780e-01 -5.785018846393363227e-04 3.803071878498496920e-03 -1.003662780226687090e+00 5.797615120812058161e-04 9.999997774489731706e-01 -3.301190592844523218e-04 -1.950327496408581851e+02 -3.802880057622993852e-03 3.323214914240033295e-04 9.999927138063025023e-01 -1.067760293085800338e+00
9.999975585209773810e-01 -6.665648511222280583e-04 2.106808815183889086e-03 -1.005812919845860520e+00 6.680514491084974795e-04 9.999995283473355201e-01 -7.049910409781917327e-04 -1.955265158508561854e+02 -2.106337899253625350e-03 7.063967764393321849e-04 9.999975321690791619e-01 -1.049035436205372651e+00
9.999980969519156604e-01 -6.294738949481227391e-04 -1.846579313939712436e-03 -1.000273661576873696e+00 6.276430238611500293e-04 9.999993110937830387e-01 -9.919053351894690194e-04 -1.960184237326060384e+02 1.847202420334504661e-03 9.907444549215205926e-04 9.999978031319085581e-01 -1.036612825724978038e+00
9.999993326872275157e-01 -7.447385244636570709e-04 -8.831702157293047162e-04 -1.009614376578064743e+00 7.437147217574847534e-04 9.999990518051474764e-01 -1.158998368649262001e-03 -1.964825608272863633e+02 8.840325290467759877e-04 1.158340768543591722e-03 9.999989383660122799e-01 -1.031183206182954448e+00
9.999980326306208145e-01 -4.981229066435214747e-04 -1.920054285115725548e-03 -1.001343354414744535e+00 4.956221754830690811e-04 9.999990286871395240e-01 -1.302683168152225877e-03 -1.969150650010093671e+02 1.920701316468461381e-03 1.301728983811415406e-03 9.999973082004298686e-01 -1.020038162237748791e+00
9.999946413511147103e-01 -6.322705177080898201e-04 -3.212087023695202673e-03 -1.001127590361550190e+00 6.294965583647828006e-04 9.999994281539708041e-01 -8.645379195729724223e-04 -1.973892821174401035e+02 3.212631808713979110e-03 8.625112890912291956e-04 9.999944675202647737e-01 -1.054638258832587772e+00
9.999990368165332377e-01 -8.954310728230991398e-04 -1.060457071109536338e-03 -1.014217749047463757e+00 8.947933005632795157e-04 9.999994186301423005e-01 -6.017344319556853409e-04 -1.978395794561666605e+02 1.060995266299720680e-03 6.007849624922652907e-04 9.999992566729606347e-01 -1.070031479316761125e+00
9.999946909723007593e-01 -1.091604214828234987e-03 3.070248760439230496e-03 -1.023111171742553172e+00 1.093245709236346803e-03 9.999992603525619250e-01 -5.330179624878595909e-04 -1.982648381133232078e+02 -3.069664644883169594e-03 5.363716689643709904e-04 9.999951447204135091e-01 -1.077314863403000311e+00
9.999974772596543771e-01 -9.506103412790600869e-04 2.035144787493669682e-03 -1.014678621875156672e+00 9.527438841164484907e-04 9.999989973676869370e-01 -1.047636727224694969e-03 -1.986697937332953359e+02 -2.034146852684940148e-03 1.049573056058831664e-03 9.999973803180595144e-01 -1.055203414961398689e+00
9.999996650072198179e-01 -7.668860109843682977e-04 -2.861316031793877460e-04 -1.004556238501271181e+00 7.665632502084643524e-04 9.999990717735800505e-01 -1.126424769653291622e-03 -1.990905500262978478e+02 2.869951769827475347e-04 1.126205054337405583e-03 9.999993246477438813e-01 -1.054351146576162357e+00
9.999988194702036370e-01 -8.472941037179859778e-04 -1.281854477246429464e-03 -1.014630934610811108e+00 8.464901809300219224e-04 9.999994448058282526e-01 -6.275686486852924450e-04 -1.995216904523238952e+02 1.282385500784003927e-03 6.264828305934331534e-04 9.999989815028265117e-01 -1.071058534473561474e+00
9.999993515592139337e-01 -1.137548182353424623e-03 -5.352835198262461259e-05 -1.030514980432590155e+00 1.137528289091474564e-03 9.999992844852103602e-01 -3.702140717133402931e-04 -1.999492922707069340e+02 5.394945002665627487e-05 3.701529416367879146e-04 9.999999300381258172e-01 -1.077495253440438061e+00
9.999991686292326598e-01 -1.000469697924714473e-03 8.135116637453703500e-04 -1.019530445291331189e+00 1.000977817218411548e-03 9.999993040632958463e-01 -6.244328092929441430e-04 -2.003726320350930337e+02 -8.128863714886567539e-04 6.252465972872178236e-04 9.999994741410815902e-01 -1.082206054348139768e+00
9.999994313959321701e-01 -1.047387196625495284e-03 2.004691313173821742e-04 -1.019645882381051250e+00 1.047521574596131134e-03 9.999992259664136629e-01 -6.713904409661038087e-04 -2.007393564999289310e+02 -1.997657703957368919e-04 6.716000549508634740e-04 9.999997545234714513e-01 -1.088191933650322740e+00
9.999987047278749985e-01 -1.424607785437495468e-03 -7.490228500222647192e-04 -1.030350008836174114e+00 1.424493595626697470e-03 9.999989737096165454e-01 -1.529630990175339105e-04 -2.011041616288926264e+02 7.492399937290616712e-04 1.518959226358608137e-04 9.999997077834875681e-01 -1.096478813556933662e+00
9.999988682501941284e-01 -1.267729902706535598e-03 8.101599993988460894e-04 -1.027914296462543176e+00 1.268431155387590150e-03 9.999988208688036506e-01 -8.656462362223555588e-04 -2.014907299428844283e+02 -8.090616384950924346e-04 8.666728887114819816e-04 9.999992971484374937e-01 -1.078339313515943365e+00
9.999992089064511092e-01 -1.072856956534986271e-03 6.566311161240585793e-04 -1.022965453323952723e+00 1.073754941600149528e-03 9.999984867956667189e-01 -1.368742745023668892e-03 -2.018771284837911537e+02 -6.551616573313028035e-04 1.369446723125860048e-03 9.999988476887737843e-01 -1.066728031734519799e+00
9.999968777015912913e-01 -9.187122043948557724e-04 2.323909411779474105e-03 -1.022725282150352299e+00 9.198275551722658126e-04 9.999994622750453255e-01 -4.789226336169461352e-04 -2.022480522388538873e+02 -2.323468170086925855e-03 4.810587341902482304e-04 9.999971850351163649e-01 -1.090683181929258172e+00
9.999984678813160777e-01 -1.135792479969946435e-03 -1.331994918458790115e-03 -1.018386291007970179e+00 1.135063849704289743e-03 9.999992058543218931e-01 -5.476502375421306084e-04 -2.026124575302961546e+02 1.332615877682236235e-03 5.461374991970370388e-04 9.999989629338394970e-01 -1.081593366461478967e+00
9.999853178545677901e-01 -1.369970220885512440e-03 -5.242829092479807732e-03 -1.029400190268311199e+00 1.365011679095745091e-03 9.999986178447599627e-01 -9.492374232407127868e-04 -2.029602857069900210e+02 5.244122273078494212e-03 9.420669634560771555e-04 9.999858057449722004e-01 -1.086117413543296051e+00
9.999860155478369483e-01 -1.180676032868134724e-03 -5.155066717965195791e-03 -1.033441548199707904e+00 1.176386900670656731e-03 9.999989594642846313e-01 -8.349755733004947042e-04 -2.033206371356027091e+02 5.156047189581586948e-03 8.288995436654350655e-04 9.999863639584918307e-01 -1.086342955373186925e+00
9.999993525860244592e-01 -9.555003551590037381e-04 -6.179373781036361177e-04 -1.028884455176732660e+00 9.550710798368322856e-04 9.999993026757418857e-01 -6.946130306557316003e-04 -2.036534374585690443e+02 6.186006501984020294e-04 6.940224068345708913e-04 9.999995678329738347e-01 -1.079489925409100159e+00
9.999972244767524332e-01 -8.918787589387988787e-04 -2.180731774211201648e-03 -1.023776872714239783e+00 8.897170638370407352e-04 9.999991121299208752e-01 -9.920397754881555771e-04 -2.039659575029800465e+02 2.181614617208488868e-03 9.900967877875289924e-04 9.999971301288883563e-01 -1.090495615055998568e+00
9.999911245679058425e-01 -1.110126505244645075e-03 -4.064284015334722680e-03 -1.038005366521272510e+00 1.106381957839054631e-03 9.999989615673675614e-01 -9.234625872052943741e-04 -2.042827425677067481e+02 4.065304955144231555e-03 9.189577405697102420e-04 9.999913143684262540e-01 -1.090470715044671302e+00
9.999966741861565644e-01 -1.030827967370905604e-03 -2.364108780803507968e-03 -1.035808842291064069e+00 1.029976364265637124e-03 9.999994042652733395e-01 -3.614108292476973078e-04 -2.045905250427099702e+02 2.364479924812309258e-03 3.589746510957777929e-04 9.999971401818532613e-01 -1.105441480882352057e+00
9.999994980176021286e-01 -1.001962500778814588e-03 -5.974176060612588090e-06 -1.033641405147080139e+00 1.001960027512498012e-03 9.999994178207722850e-01 -4.005424069286122679e-04 -2.048915628242138496e+02 6.375501054285540735e-06 4.005362199777643588e-04 9.999999197650415450e-01 -1.108712953359448639e+00
9.999945231837571447e-01 -9.287370282128159897e-04 -3.176641311625157549e-03 -1.039839408682575517e+00 9.262947758291203808e-04 9.999992743841082943e-01 -7.702007824015341501e-04 -2.052007539995638012e+02 3.177354320589513993e-03 7.672540579017374240e-04 9.999946578560967581e-01 -1.108643683692865922e+00
9.999859459129993855e-01 -9.854221878497135528e-04 -5.209310856101538600e-03 -1.044257442582796180e+00 9.811691220928994272e-04 9.999991833317231071e-01 -8.189279825721329249e-04 -2.054879758269376282e+02 5.210113591626895635e-03 8.138052583276285130e-04 9.999860961220230493e-01 -1.101785696102369538e+00
9.999960545062882566e-01 -1.127948887472164912e-03 -2.572684038856496574e-03 -1.052705510770416186e+00 1.125747777148928836e-03 9.999989992432366526e-01 -8.568573203080874934e-04 -2.057662748237983408e+02 2.573647955486708938e-03 8.539577462448690905e-04 9.999963235394262462e-01 -1.102609588960404841e+00
9.999993416896038045e-01 -9.289594299101514583e-04 -6.735389644304687557e-04 -1.036391279788259734e+00 9.284696821061218198e-04 9.999993046530427643e-01 -7.270746044735983170e-04 -2.060303588990259414e+02 6.742139188972731635e-04 7.264487653246364364e-04 9.999995088537708687e-01 -1.109943538251128903e+00
9.999987269742020013e-01 -9.329134994326570727e-04 -1.294496959415625519e-03 -1.047200750275351533e+00 9.322804602940542402e-04 9.999994456014443811e-01 -4.895405471398526359e-04 -2.062901905699766587e+02 1.294952940733327430e-03 4.883330897209336736e-04 9.999990423133787720e-01 -1.118810163427096604e+00
9.999955832155000834e-01 -9.872770281083519638e-04 -2.803361118662115164e-03 -1.049981147295983464e+00 9.863415064371755699e-04 9.999994574266964920e-01 -3.350772230669364269e-04 -2.065683956490308901e+02 2.803690411678188676e-03 3.323106716741827389e-04 9.999960144369041126e-01 -1.119489791337322737e+00
9.999966349752132944e-01 -1.120133826304987911e-03 -2.339944114950179201e-03 -1.062616482949098717e+00 1.119213341665669910e-03 9.999992958056687087e-01 -3.946513175948968737e-04 -2.068121209681621622e+02 2.340384529465231681e-03 3.920310929112268226e-04 9.999971844519746078e-01 -1.106729998060535181e+00
9.999989595314555668e-01 -1.167865071294638948e-03 -8.467745754609225196e-04 -1.062983114409820740e+00 1.167387999466295298e-03 9.999991597378649066e-01 -5.636743944258145031e-04 -2.070523501874259296e+02 8.474321595851429115e-04 5.626852934626915903e-04 9.999994826218638888e-01 -1.116335041929102490e+00
9.999985931359522962e-01 -1.136927732530931563e-03 -1.233337523642561969e-03 -1.059083341660537414e+00 1.136242258258003505e-03 9.999991997157620105e-01 -5.563464443538732387e-04 -2.072964471028496405e+02 1.233969062323462705e-03 5.549442914370046609e-04 9.999990846781744436e-01 -1.128802983738329990e+00
9.999989325603360069e-01 -1.029727347161911877e-03 -1.036600105691466581e-03 -1.054370005438863389e+00 1.029427459411799695e-03 9.999994281498738591e-01 -2.897913577773230309e-04 -2.075439746573561308e+02 1.036897918997640089e-03 2.887239438293054622e-04 9.999994207404271362e-01 -1.129580944817441424e+00
9.999919716694311012e-01 -1.051242299963329541e-03 -3.866715183523586254e-03 -1.058955008159823130e+00 1.049672016090180378e-03 9.999993658173293998e-01 -4.081097863525127599e-04 -2.077718052134580375e+02 3.867141753590267166e-03 4.040477271899038225e-04 9.999924409514763246e-01 -1.119744055950409933e+00
9.999979361549868884e-01 -1.137792562075367686e-03 -1.683185626264615056e-03 -1.069300032788253585e+00 1.137098759184426927e-03 9.999992681788404392e-01 -4.130958671595225075e-04 -2.079771324858064645e+02 1.683654411878836299e-03 4.111810663065745353e-04 9.999984981178482446e-01 -1.119107291268127913e+00
9.999977966469816293e-01 -1.005119740510631394e-03 -1.842942074268279001e-03 -1.068397010721937157e+00 1.003840935839437612e-03 9.999992548565364014e-01 -6.946867981475776752e-04 -2.081910478416820069e+02 1.843638944426328899e-03 6.928352468107928756e-04 9.999980604855007726e-01 -1.104239290562959885e+00
9.999970152595674122e-01 -7.252510760156110139e-04 -2.333127264673241601e-03 -1.059888590492763072e+00 7.243406557344586692e-04 9.999996612107084903e-01 -3.910359098324086040e-04 -2.084184801828982643e+02 2.333410073449075119e-03 3.893447637589125777e-04 9.999972018001270779e-01 -1.116316920243160205e+00
9.999973480474785292e-01 -7.902570061198162894e-04 -2.163190207616198270e-03 -1.069296863852361668e+00 7.894550800790241371e-04 9.999996193580530379e-01 -3.715433022890003668e-04 -2.086452199303840871e+02 2.163482998912977066e-03 3.698345754752232302e-04 9.999975912789491606e-01 -1.123324523942519138e+00
9.999993640921958082e-01 -9.264168363288683566e-04 -6.430917892722464498e-04 -1.074346015604963123e+00 9.260247974515166142e-04 9.999993854046922426e-01 -6.096460549596178407e-04 -2.088577382299282306e+02 6.436561804005662760e-04 6.090501483370301368e-04 9.999996073822420284e-01 -1.113704317245457265e+00
9.999994936613890717e-01 -8.643331968906448537e-04 -5.153688876245565275e-04 -1.063116188309354282e+00 8.640672453908516742e-04 9.999994935448246469e-01 -5.160405891147816417e-04 -2.090309281763470608e+02 5.158146576254311801e-04 5.155950144484166241e-04 9.999997340484746422e-01 -1.121177181737485151e+00
9.999993235233786137e-01 -8.303014426944997422e-04 -8.145871956891380427e-04 -1.057590191201789764e+00 8.299867912678065987e-04 9.999995808569736022e-01 -3.865330562035324360e-04 -2.092105244519694622e+02 8.149077932148104811e-04 3.858566981101986776e-04 9.999995935198658925e-01 -1.122814365768681544e+00
9.999986621253819097e-01 -7.735087343238775375e-04 -1.441329831840732888e-03 -1.065726534598686603e+00 7.728573182642546353e-04 9.999995989870066326e-01 -4.524570603847098953e-04 -2.093994984449473407e+02 1.441679233336856745e-03 4.513425127453223051e-04 9.999988589248111071e-01 -1.134341639880782182e+00
9.999958596844169545e-01 -7.973281599777619745e-04 -2.764937943107418847e-03 -1.074295971638630220e+00 7.961256947872434294e-04 9.999995880564681583e-01 -4.359710679820323880e-04 -2.095672695866489335e+02 2.765284416118555209e-03 4.337680247832258846e-04 9.999960825160260081e-01 -1.126069888555902843e+00
9.999938047194621982e-01 -8.483651828149733507e-04 -3.416255144253988515e-03 -1.077334041578850821e+00 8.469579289897231087e-04 9.999995559000909306e-01 -4.133544330547466849e-04 -2.097489264487262801e+02 3.416604302604555731e-03 4.104584478261945769e-04 9.999940791519228434e-01 -1.123181391070997792e+00
9.999986311305144593e-01 -7.596271856005147984e-04 -1.469933208053297987e-03 -1.067633295357202972e+00 7.587435667379380288e-04 9.999995311969869238e-01 -6.015928908432295564e-04 -2.099437431345234017e+02 1.470389505258729501e-03 6.004767649759335793e-04 9.999987386903833597e-01 -1.115445149359317600e+00
9.999995989368178906e-01 -7.400727465210542137e-04 5.043991805212745712e-04 -1.067273387771188631e+00 7.404090580715311232e-04 9.999995035216434625e-01 -6.668964636646041539e-04 -2.101131095009662033e+02 -5.039053782004889598e-04 6.672696579191279885e-04 9.999996504152256493e-01 -1.116656546394281690e+00
9.999990673126482044e-01 -9.804179513715036327e-04 9.508703772717699582e-04 -1.083775209430379194e+00 9.805457431613495006e-04 9.999995102952531356e-01 -1.339376697412482072e-04 -2.102605784263157886e+02 -9.507385967302533353e-04 1.348699167200097433e-04 9.999995389530068612e-01 -1.129925114325384339e+00
9.999967832756190278e-01 -1.061430309792290704e-03 2.303650171371816446e-03 -1.092711898730784004e+00 1.061194796114378093e-03 9.999994315811819856e-01 1.034549060816487999e-04 -2.104164971988745378e+02 -2.303758672106720907e-03 -1.010099517218023137e-04 9.999973412429506991e-01 -1.145109730991859420e+00
9.999989316496136205e-01 -8.375982129358924963e-04 1.197968641087874837e-03 -1.078059503413542064e+00 8.379650710199174632e-04 9.999996021612795882e-01 -3.057643248376334987e-04 -2.105597590650206712e+02 -1.197712056837500066e-03 3.067678540516077541e-04 9.999992356893642187e-01 -1.138589902671977683e+00
9.999992181485094500e-01 -8.233038044540870589e-04 -9.412083804192778033e-04 -1.076659865602084931e+00 8.229155909287140741e-04 9.999995762129555432e-01 -4.127757739419857393e-04 -2.107093904976604790e+02 9.415478214124330157e-04 4.120009161620718651e-04 9.999994718713330899e-01 -1.126097645866724895e+00
9.999981191589478735e-01 -8.721486777172205579e-04 -1.732349632923269349e-03 -1.083529923017725993e+00 8.716621820159587732e-04 9.999995804629692175e-01 -2.815651363561945701e-04 -2.108273300855381081e+02 1.732594472799812600e-03 2.800545831158787833e-04 9.999984598417256398e-01 -1.121954536868746244e+00
9.999981198146483674e-01 -8.590273108813349439e-04 -1.738516392568480390e-03 -1.082383636209158562e+00 8.578100082643206259e-04 9.999993865059091380e-01 -7.008208009169695748e-04 -2.109502598058298588e+02 1.739117350206968336e-03 6.993281664828887101e-04 9.999982432039357105e-01 -1.117482394732044915e+00
9.999992968832868145e-01 -6.920503339106326944e-04 -9.629637934117356735e-04 -1.067898065270965979e+00 6.913691826534837555e-04 9.999995107246981707e-01 -7.075019558382965616e-04 -2.111029817955878514e+02 9.634529492221152475e-04 7.068356948910708504e-04 9.999992860706027331e-01 -1.122068657192402563e+00
9.999988744339264324e-01 -7.677747909081926014e-04 1.289051104755636716e-03 -1.074474104026841514e+00 7.680534950349569151e-04 9.999996817776560798e-01 -2.157276417322378820e-04 -2.112522594245653522e+02 -1.288885064305748691e-03 2.167174591228094649e-04 9.999991459040522557e-01 -1.126426990987675181e+00
9.999943770997619108e-01 -9.430849743781563512e-04 3.218129828070826013e-03 -1.086382535858878784e+00 9.430563410746418962e-04 9.999995552680345234e-01 1.041492947630396010e-05 -2.113775235154340635e+02 -3.218138219029120523e-03 -7.379993173430888386e-06 9.999948217525623795e-01 -1.128813272497387610e+00
9.999992248420904728e-01 -9.274799311338893272e-04 8.307202872185409041e-04 -1.078944277554466202e+00 9.277551077340763768e-04 9.999995148789276866e-01 -3.309265317889593808e-04 -2.114619100575430366e+02 -8.304129565017102921e-04 3.316969802582061264e-04 9.999996001956376057e-01 -1.129983688751635684e+00
9.999966107729052478e-01 -9.286553510235774113e-04 -2.432291500156902493e-03 -1.077445020230834549e+00 9.274814895244840648e-04 9.999994529065489024e-01 -4.836989658315043626e-04 -2.115942968125944219e+02 2.432739359099055781e-03 4.814414211223403284e-04 9.999969249919564707e-01 -1.130463328317477867e+00
9.999977507960521317e-01 -1.120915960603532371e-03 -1.800541653548437060e-03 -1.095456077080775525e+00 1.119856442180147986e-03 9.999991992968637611e-01 -5.893447040776354957e-04 -2.117381153416644111e+02 1.801200817734185900e-03 5.873270303510605417e-04 9.999982053596764286e-01 -1.123432210243300533e+00
9.999994652357074854e-01 -1.029723420119400823e-03 9.590608457276475235e-05 -1.097220437899245615e+00 1.029791276161371068e-03 9.999992175836150965e-01 -7.101845429975734347e-04 -2.118363151371825097e+02 -9.517471587774138447e-05 7.102829264654626296e-04 9.999997432199358993e-01 -1.123535394901408191e+00
9.999971338934267040e-01 -7.941777727383370457e-04 2.258647072336199008e-03 -1.089013123069443534e+00 7.944923996767667756e-04 9.999996748128856527e-01 -1.384050207522502334e-04 -2.119316574911331941e+02 -2.258536419662158113e-03 1.401991020012337437e-04 9.999974396754488515e-01 -1.137675927551066390e+00
9.999979940325407490e-01 -3.731725344123636569e-04 1.967910860293227513e-03 -1.071883991860959728e+00 3.726437649735344173e-04 9.999998943728356515e-01 2.690556486182101178e-04 -2.120450582466971809e+02 -1.968011056606676790e-03 -2.683217791892222805e-04 9.999980274660065227e-01 -1.139998568036445947e+00
9.999994757559454994e-01 -7.169316836073349889e-04 -7.310928772585027378e-04 -1.082761756329157832e+00 7.168405551842927997e-04 9.999997352696106123e-01 -1.249012699725955645e-04 -2.121457358423622850e+02 7.311822293937668199e-04 1.243771274698221379e-04 9.999997249514009923e-01 -1.144220908187229435e+00
9.999968312386580127e-01 -1.082817895409500042e-03 -2.272667606211277273e-03 -1.097250163950925561e+00 1.081185843482032399e-03 9.999991568741464221e-01 -7.192274801392800230e-04 -2.122351629259192975e+02 2.273444482452827153e-03 7.167680250362689623e-04 9.999971588428556712e-01 -1.136595740304809032e+00
9.999982221549639227e-01 -1.019315723864222057e-03 -1.586405486170449318e-03 -1.091213681291619997e+00 1.018491094173558332e-03 9.999993458613386510e-01 -5.205312534377409209e-04 -2.123186406961219177e+02 1.586935034132680011e-03 5.189145881544232619e-04 9.999986061814524207e-01 -1.135002805952960436e+00
9.999995591506655179e-01 -8.770753376109166003e-04 -3.353167560185729939e-04 -1.086631801839054834e+00 8.769982260116407531e-04 9.999995889767699930e-01 -2.300443495216106780e-04 -2.123893796602573047e+02 3.355183844211189425e-04 2.297501759065320173e-04 9.999999173211318038e-01 -1.137790928310409289e+00
9.999994357388296562e-01 -6.531988852136075101e-04 -8.377668163975789768e-04 -1.080114030024919680e+00 6.527990121666447758e-04 9.999996729269106099e-01 -4.774929544715554369e-04 -2.124781395743957546e+02 8.380784402521563670e-04 4.769457916906518326e-04 9.999995350735118027e-01 -1.138273285451286032e+00
9.999959890276951535e-01 -7.384118317071421914e-04 -2.734351200655509451e-03 -1.084681154601426778e+00 7.363885282927037836e-04 9.999994544066291846e-01 -7.408902614064324325e-04 -2.125647793300740886e+02 2.734896790946639896e-03 7.388737448596270196e-04 9.999959871945146572e-01 -1.136171038302972613e+00
9.999992016779289949e-01 -8.093975051049859433e-04 -9.703191141879662432e-04 -1.088274149003735980e+00 8.090243078463566807e-04 9.999995986489129685e-01 -3.849437391884690104e-04 -2.126333024909618530e+02 9.706302972514399292e-04 3.841584201296399572e-04 9.999994551494186812e-01 -1.127133091438188517e+00
9.999982764284695014e-01 -6.682140905749432529e-04 1.732232668942420986e-03 -1.080162738237442355e+00 6.680870468204703951e-04 9.999997740978400218e-01 7.391864936847373981e-05 -2.126968357771670810e+02 -1.732281671110383640e-03 -7.276123975619444779e-05 9.999984969518773692e-01 -1.133290657929050260e+00
9.999960470368733922e-01 -7.898510125974202286e-04 2.698526635981700599e-03 -1.086159971377944400e+00 7.893127374867433535e-04 9.999996683866719804e-01 2.005291711725809827e-04 -2.127614281133130589e+02 -2.698684129283208510e-03 -1.983983970419339376e-04 9.999963388643212658e-01 -1.143264763246136573e+00
9.999986260709293751e-01 -9.228369861552784348e-04 1.377036001935887100e-03 -1.094303489710174437e+00 9.228395492024841140e-04 9.999995741827411022e-01 -1.225887366038266727e-06 -2.128161388052036216e+02 -1.377034284275989104e-03 2.496668965018081751e-06 9.999990518847238219e-01 -1.143120218476709971e+00
9.999995289861399739e-01 -9.232708909134092505e-04 -2.993298516373624988e-04 -1.105854135751619838e+00 9.232213472514266177e-04 9.999995601175374338e-01 -1.656112181551506525e-04 -2.128877738045825083e+02 2.994826239843416307e-04 1.653347924410703365e-04 9.999999414872804415e-01 -1.134725225462024145e+00
9.999992564971066367e-01 -9.364240068085471526e-04 7.810987858757250995e-04 -1.095922663571704314e+00 9.367196802519282741e-04 9.999994897394278714e-01 -3.782553694624413024e-04 -2.129517924947676306e+02 -7.807441799031429380e-04 3.789867588334303299e-04 9.999996234037101805e-01 -1.125334462472329822e+00
9.999998135345042893e-01 -5.920476285570099939e-04 1.497015771980302794e-04 -1.072339907482178667e+00 5.921105996715977189e-04 9.999997361028439835e-01 -4.209504485930171298e-04 -2.130180422854116387e+02 -1.494523149773802832e-04 4.210390099909295299e-04 9.999999001950737876e-01 -1.129189653939511206e+00
9.999999031114428227e-01 -4.385445341107390566e-04 3.815490305804591876e-05 -1.066097587229593247e+00 4.385496087548303905e-04 9.999998949800353865e-01 -1.330945481948993562e-04 -2.130716704012979790e+02 -3.809653116438853761e-05 1.331112681173687948e-04 9.999999904150222996e-01 -1.131121874626758395e+00
9.999991773981266041e-01 -5.516082944605848028e-04 1.157985906504822426e-03 -1.080329966529807839e+00 5.514287661799460597e-04 9.999998358965672685e-01 1.553484935780488521e-04 -2.131296678588264797e+02 -1.158071407992949855e-03 -1.547098190484092806e-04 9.999993174675100294e-01 -1.131098476579146084e+00
9.999896577011947452e-01 -7.749965552343273919e-04 4.481503206139409758e-03 -1.099174215713757397e+00 7.741686798682050194e-04 9.999996829470770843e-01 1.864634022502387807e-04 -2.131939446928103337e+02 -4.481646293760140932e-03 -1.829920343690943885e-04 9.999899406296109960e-01 -1.131168161467120070e+00
9.999878167959843633e-01 -6.065830292616229127e-04 4.898807674273293264e-03 -1.090854214234406205e+00 6.055624199543457398e-04 9.999997946350717148e-01 2.098188978312683594e-04 -2.132648505019922709e+02 -4.898933940812649421e-03 -2.068498077347058603e-04 9.999879787574451617e-01 -1.131222700611083543e+00
9.999881440372108132e-01 -5.467227434263021010e-04 4.838685695139894119e-03 -1.080673819377617528e+00 5.459865313303752460e-04 9.999998391726849789e-01 1.534708825416652696e-04 -2.133073316278973834e+02 -4.838768822969003944e-03 -1.508272057777053116e-04 9.999882817150568259e-01 -1.134972663715355878e+00
9.999918969669974178e-01 -7.622973810076772274e-04 3.952834811730897464e-03 -1.093057664446601240e+00 7.622534780466523477e-04 9.999997094052286428e-01 1.261322793777400834e-05 -2.133890641961042718e+02 -3.952843278088392746e-03 -9.600063648986000616e-06 9.999921874384107845e-01 -1.150324895217125443e+00
9.999926964402288121e-01 -8.641737685814688489e-04 3.722938341955804240e-03 -1.097904368802396613e+00 8.642403815573597697e-04 9.999996264116296496e-01 -1.628385546820741792e-05 -2.134690948842703051e+02 -3.722922879028589538e-03 1.950125019126210864e-05 9.999930697084545850e-01 -1.171106036448566590e+00
9.999965863039302905e-01 -6.415283584125405737e-04 2.532947265804784669e-03 -1.086479168172443721e+00 6.416657618760502344e-04 9.999997927048969171e-01 -5.343419467693198834e-05 -2.134951715599735564e+02 -2.532912461186025577e-03 5.505931780593611790e-05 9.999967906563178577e-01 -1.173554100403437106e+00
9.999897075741942531e-01 -4.892921282931660251e-04 4.510580770893398740e-03 -1.084842635503450170e+00 4.905164617331352105e-04 9.999998431566580193e-01 -2.703336088694847667e-04 -2.134919251686903579e+02 -4.510447791332003291e-03 2.725433406009728637e-04 9.999897907383100693e-01 -1.163809284209897266e+00
9.999932451148746404e-01 -4.463301617025091208e-04 3.648357713943971292e-03 -1.080274444598639638e+00 4.482970764935860497e-04 9.999997546188252873e-01 -5.383233418522141277e-04 -2.135105016818186812e+02 -3.648116548761452804e-03 5.399552536370436084e-04 9.999931998238641429e-01 -1.153170865789862276e+00
9.999963622497394233e-01 -4.649391058150156462e-04 2.656937883336461977e-03 -1.076363262768661233e+00 4.659859883513033920e-04 9.999998140416249681e-01 -3.934129817311374580e-04 -2.135225875125262860e+02 -2.656754476176668295e-03 3.946496464185152413e-04 9.999963929471494817e-01 -1.150868331131706945e+00
9.999962516014004876e-01 -6.285732968887370112e-04 2.664897513797196034e-03 -1.079930315871010515e+00 6.292478027021292542e-04 9.999997702018048606e-01 -2.522767135839784820e-04 -2.135205753530769073e+02 -2.664738327002971405e-03 2.539526488552818384e-04 9.999964173324326078e-01 -1.149053893711484475e+00
9.999975869945177953e-01 -6.994818958780771876e-04 2.082481745217008504e-03 -1.084169636064184372e+00 6.996456996688455799e-04 9.999997522113345250e-01 -7.793051051602326203e-05 -2.135179019580635043e+02 -2.082426718220393817e-03 7.938732186695411403e-05 9.999978285959506552e-01 -1.151974046129975671e+00
9.999954599787289622e-01 -7.732851900822574091e-04 2.912396254804929582e-03 -1.091100437314696414e+00 7.726319133058895438e-04 9.999996761111414889e-01 2.254274575955476576e-04 -2.135287515642788208e+02 -2.912569631226627227e-03 -2.231762238594402680e-04 9.999957335561568961e-01 -1.144117328016297508e+00
9.999929658298640778e-01 -9.038541881134759103e-04 3.640238783216178612e-03 -1.099603397061389654e+00 9.024333765806618474e-04 9.999995160019813367e-01 3.919308660912865488e-04 -2.135360280295844007e+02 -3.640591269702587399e-03 -3.886430362061953081e-04 9.999932975034369065e-01 -1.140582969399660307e+00
9.999883070783824879e-01 -8.937852368390007988e-04 4.752562936035448909e-03 -1.095584214475985307e+00 8.928907846351496298e-04 9.999995832615866664e-01 1.903226203084913248e-04 -2.135288208305157127e+02 -4.752731063008179893e-03 -1.860768752320254165e-04 9.999886883974434815e-01 -1.143167533712669437e+00
9.999943182483711501e-01 -8.008915504683054593e-04 3.274453190967768594e-03 -1.091812249671524127e+00 8.016061355765517846e-04 9.999996551857806004e-01 -2.169237728100067129e-04 -2.135293038169581052e+02 -3.274278329473008162e-03 2.195473620715451943e-04 9.999946154356916805e-01 -1.144531415191830437e+00
9.999973695430651732e-01 -6.511553211935007740e-04 2.199296182415651051e-03 -1.083809062383852995e+00 6.512154463400831846e-04 9.999997876048236645e-01 -2.662235996812993305e-05 -2.135201250081205160e+02 -2.199278380004394962e-03 2.805450558422438115e-05 9.999975811908506929e-01 -1.144683890957330252e+00
9.999963411793343360e-01 -6.143626622657414032e-04 2.634423364516596047e-03 -1.078730157530235045e+00 6.138326260942859273e-04 9.999997912027104308e-01 2.020001055495227935e-04 -2.135183986807981569e+02 -2.634546915778761614e-03 -2.003822714552767751e-04 9.999965094986551506e-01 -1.147525895178272748e+00
9.999906429606006952e-01 -7.640526830452234455e-04 4.257958987821044636e-03 -1.087981575258043732e+00 7.632192492904981687e-04 9.999996892732568865e-01 1.973569539098363060e-04 -2.135305926980415165e+02 -4.258108455869468942e-03 -1.941053509708483304e-04 9.999909153764802161e-01 -1.147095464947085253e+00
9.999918772949393242e-01 -7.003553139368856552e-04 3.969237530965151646e-03 -1.085345692856880540e+00 7.000066714752630663e-04 9.999997510147753399e-01 8.922470083170039703e-05 -2.135389548475149866e+02 -3.969299031677015095e-03 -8.644548333342581673e-05 9.999921185651292621e-01 -1.144899679602394249e+00
9.999940738524404349e-01 -7.820697002651441935e-04 3.352704428357949993e-03 -1.089907261307516029e+00 7.817500323444730214e-04 9.999996897622313030e-01 9.665571960884880261e-05 -2.135328651748670268e+02 -3.352778979732072649e-03 -9.403417001748163478e-05 9.999943749995237052e-01 -1.138149319139051041e+00
9.999944780682833434e-01 -8.083701546991179775e-04 3.223409783849991422e-03 -1.089358546584532128e+00 8.081888233792413560e-04 9.999996717589737516e-01 5.755667307761758308e-05 -2.135199074288298107e+02 -3.223455252891375879e-03 -5.495123149312014716e-05 9.999948031447937202e-01 -1.143549580136290711e+00
9.999952001250873579e-01 -7.198489810875394797e-04 3.013560059282965886e-03 -1.082300999650092965e+00 7.197367144051866009e-04 9.999997402545899305e-01 3.833816111521882720e-05 -2.135110343802743387e+02 -3.013586874210788351e-03 -3.616900728111007373e-05 9.999954584826645787e-01 -1.145861888560732789e+00
9.999946957379518553e-01 -6.633866300036782076e-04 3.188795092245155869e-03 -1.080750707128109500e+00 6.626195002998712261e-04 9.999997512773480812e-01 2.416208598246883440e-04 -2.135170357799954104e+02 -3.188954587167521556e-03 -2.395066203937493469e-04 9.999948865895363914e-01 -1.148872293241659515e+00
9.999943036939801244e-01 -6.392649360415354710e-04 3.314199742531985429e-03 -1.081554688596066294e+00 6.385373270552070291e-04 9.999997718036370831e-01 2.205963638922240927e-04 -2.135324544605885251e+02 -3.314340005764112532e-03 -2.184788670629050401e-04 9.999944836934405723e-01 -1.148345738616835643e+00
9.999928160353368511e-01 -7.347886176789930222e-04 3.718596967174047675e-03 -1.086893864200711768e+00 7.344778510314807279e-04 9.999997266640548998e-01 8.493586938479603238e-05 -2.135321087571433338e+02 -3.718658360657887789e-03 -8.220403209920956256e-05 9.999930823873202090e-01 -1.143189187552146047e+00
9.999944440169722393e-01 -7.322339132821047755e-04 3.252040695145769818e-03 -1.090124429456504895e+00 7.323852996106887999e-04 9.999997307770606136e-01 -4.536054627984554335e-05 -2.135153538113724210e+02 -3.252006605091504240e-03 4.774204105628076887e-05 9.999947110728826249e-01 -1.138500235912849767e+00
9.999971679412702485e-01 -6.996321605441932273e-04 2.274780050683572908e-03 -1.085720182863617600e+00 6.997302879903911617e-04 9.999997542923291238e-01 -4.234153270641337758e-05 -2.135134524778727609e+02 -2.274749868254656495e-03 4.393314529268565956e-05 9.999974117881084146e-01 -1.135394898666331809e+00
9.999963438365853108e-01 -6.974908454050076550e-04 2.612627027048339441e-03 -1.082659757276443591e+00 6.971679762990571705e-04 9.999997492296275325e-01 1.244889349275883010e-04 -2.135180141297531122e+02 -2.612713201771353112e-03 -1.226670398784273795e-04 9.999965793354108623e-01 -1.146246796635863374e+00
9.999934451929656243e-01 -6.561518833146649018e-04 3.560763374513597861e-03 -1.078596853086095653e+00 6.557724955532945755e-04 9.999997791801225056e-01 1.077132321972890691e-04 -2.135172528626002872e+02 -3.560833264466429886e-03 -1.053774754736574125e-04 9.999936546608935162e-01 -1.148122137488843730e+00
9.999932943484730608e-01 -7.422773524971225910e-04 3.586123592429296247e-03 -1.085578070755282898e+00 7.415125174952421315e-04 9.999997020527268132e-01 2.146011276737123962e-04 -2.135275038756541335e+02 -3.586281817510442779e-03 -2.119405331002616145e-04 9.999935468111460501e-01 -1.149654800471340055e+00
9.999955745623112513e-01 -7.240919194602047542e-04 2.885575624592187898e-03 -1.087725175875480010e+00 7.236557229374497276e-04 9.999997265778737265e-01 1.522056914986783427e-04 -2.135361270468315809e+02 -2.885685046523275062e-03 -1.501168546071698050e-04 9.999958251346563465e-01 -1.146900420805963661e+00
9.999953356834669904e-01 -7.189125784125810058e-04 2.968463578150896693e-03 -1.086221344864289673e+00 7.188097033656772744e-04 9.999997410182149826e-01 3.572272821699910676e-05 -2.135339534924507632e+02 -2.968488490891550962e-03 -3.358880117082482287e-05 9.999955934642271727e-01 -1.142018808371867866e+00
9.999957771760710212e-01 -6.329145435639630920e-04 2.836379594878065628e-03 -1.081327130239754686e+00 6.329327826633349705e-04 9.999997996827203472e-01 -5.532799424911539820e-06 -2.135204966993166522e+02 -2.836375524912998405e-03 7.328013690549411275e-06 9.999959774520005285e-01 -1.140025848267357089e+00
9.999965410410794897e-01 -6.791093726354068038e-04 2.541006953267827689e-03 -1.082563638607013878e+00 6.790539862523357591e-04 9.999997691860842419e-01 2.265969990627656256e-05 -2.135020334363919403e+02 -2.541021755182649999e-03 -2.093414062659401808e-05 9.999967713798887381e-01 -1.138773140311385212e+00
9.999945517724850852e-01 -7.968099016343084410e-04 3.203360630224894555e-03 -1.089242338629557327e+00 7.966105553709506215e-04 9.999996806892678114e-01 6.350579046006560346e-05 -2.135085952319515172e+02 -3.203410209400116455e-03 -6.095361357537377458e-05 9.999948672106708791e-01 -1.140084660749966172e+00
9.999944372587493691e-01 -7.205188785255636731e-04 3.256732120203283988e-03 -1.087188711752447468e+00 7.205612753699190210e-04 9.999997403255397321e-01 -1.184489462209186671e-05 -2.135235264225314040e+02 -3.256722740042939344e-03 1.419150378207980231e-05 9.999946967637356465e-01 -1.140032134560547972e+00
9.999957780392879636e-01 -7.150997676685536897e-04 2.816475798102759803e-03 -1.087624017123706821e+00 7.151036152527595743e-04 9.999997443133126218e-01 -3.590608976113938988e-07 -2.135234658063308473e+02 -2.816474821203028556e-03 2.373131407165576191e-06 9.999960337241091679e-01 -1.140173385980451704e+00
9.999966480875899233e-01 -5.914032226235687792e-04 2.520725255367878889e-03 -1.080408860447114705e+00 5.912223044637447689e-04 9.999998225987333234e-01 7.251681599706178544e-05 -2.135227875731416418e+02 -2.520767694866700350e-03 -7.102626393264775792e-05 9.999968203376941034e-01 -1.142338168980373325e+00
9.999960322822352143e-01 -6.450561500487020589e-04 2.742138280611995747e-03 -1.082948998662898177e+00 6.449962978081826307e-04 9.999997917319685126e-01 2.271113008927785085e-05 -2.135112083994917782e+02 -2.742152359466392287e-03 -2.094237093885070467e-05 9.999962400738587887e-01 -1.140271036012753036e+00
9.999955141134702075e-01 -7.199080454452329780e-04 2.907487806070026531e-03 -1.085179551390249575e+00 7.198633185012361839e-04 9.999997407633980373e-01 1.642983421814076846e-05 -2.135092391605109867e+02 -2.907498880312605911e-03 -1.433676669518931662e-05 9.999957731134258010e-01 -1.140260176009242787e+00
9.999944754230362109e-01 -6.696538021178246149e-04 3.255869652175246744e-03 -1.082403928591005426e+00 6.694831299469365801e-04 9.999997744645140463e-01 5.350943676545008614e-05 -2.135222612540658531e+02 -3.255904750658881845e-03 -5.132939134301085625e-05 9.999946982107196236e-01 -1.140094271309228358e+00
9.999939941823501321e-01 -6.387690678388532103e-04 3.406401812440332331e-03 -1.081748577419575641e+00 6.386971657038806576e-04 9.999997957866191278e-01 2.219573399006084216e-05 -2.135198222436575293e+02 -3.406415294755812517e-03 -2.001994150367569412e-05 9.999941979501889566e-01 -1.139195500792672178e+00
9.999950500247406504e-01 -7.497022409977052845e-04 3.055793279372465924e-03 -1.087411718739092814e+00 7.497372744174084962e-04 9.999997188937284065e-01 -1.031908308668614398e-05 -2.135130567202673717e+02 -3.055784684130095647e-03 1.261007413193991355e-05 9.999953309995753825e-01 -1.138358093676725691e+00
9.999954864578930458e-01 -7.253697798683258558e-04 2.915630724947808599e-03 -1.086420078503520958e+00 7.250698987663082911e-04 9.999997317382849360e-01 1.039086136672650294e-04 -2.135159092077729781e+02 -2.915705314963932312e-03 -1.017941085967841207e-04 9.999957441411817527e-01 -1.142960358387824282e+00
9.999938569336112026e-01 -6.985694806247642842e-04 3.434835617780112454e-03 -1.083663837122674778e+00 6.980701344702215953e-04 9.999997456070793822e-01 1.465737492607337188e-04 -2.135190791059289950e+02 -3.434937135930142028e-03 -1.441750926868742833e-04 9.999940901927445447e-01 -1.145047124388824278e+00
9.999947853338078119e-01 -5.919873797526241854e-04 3.174721426177209982e-03 -1.080768998173590179e+00 5.918942199570760261e-04 9.999998243720490398e-01 3.028371434518913917e-05 -2.135203744722838337e+02 -3.174738796184095949e-03 -2.840445716359959709e-05 9.999949601006811184e-01 -1.142105602629964745e+00
9.999935056426351165e-01 -6.882205299097233272e-04 3.537658131493078093e-03 -1.086771865049633412e+00 6.882791828243897160e-04 9.999997630178570907e-01 -1.536216266306710432e-05 -2.135266602346139564e+02 -3.537646720575545172e-03 1.779695934354898792e-05 9.999937423498952427e-01 -1.136906246560379641e+00
9.999938970429141927e-01 -6.856707134334180144e-04 3.425745553642563224e-03 -1.083469283759968871e+00 6.855403389108547831e-04 9.999997642476438076e-01 3.923137175294217526e-05 -2.135369563062903069e+02 -3.425771645817635679e-03 -3.688264555769747813e-05 9.999941313469300486e-01 -1.137298161650596828e+00
9.999947632369625694e-01 -7.294103742737710443e-04 3.153007953837921179e-03 -1.084736757005711816e+00 7.291676963432386794e-04 9.999997311061468164e-01 7.811597008713886694e-05 -2.135207338694647490e+02 -3.153064084612440879e-03 -7.581648946606217099e-05 9.999950262069998708e-01 -1.139657359364746991e+00
9.999954539393788311e-01 -7.746575960367587874e-04 2.914104696922130509e-03 -1.085879777813000935e+00 7.744737222307694624e-04 9.999996980327048313e-01 6.422579443315881329e-05 -2.135073407175664215e+02 -2.914153569957336157e-03 -6.196860494720841603e-05 9.999957519254082383e-01 -1.144395176079121779e+00
9.999944503181918964e-01 -6.696745039569098256e-04 3.263566894662729614e-03 -1.083266635169314984e+00 6.692091554626370493e-04 9.999997657577202048e-01 1.436788462443015237e-04 -2.135168268653885093e+02 -3.263662348257468076e-03 -1.414940400270492588e-04 9.999946642295213239e-01 -1.146877412522798734e+00
9.999935164502878893e-01 -6.526818638825544749e-04 3.541336438737687636e-03 -1.084058313969456400e+00 6.521312456360809414e-04 9.999997750950284647e-01 1.566356628418116240e-04 -2.135297102579791328e+02 -3.541437875529890485e-03 -1.543252311436944324e-04 9.999937171810114878e-01 -1.145224419929530280e+00
9.999948950299988315e-01 -7.369160832575161191e-04 3.109158829629671706e-03 -1.088165028346164354e+00 7.369316815986691298e-04 9.999997284583180823e-01 -3.871281950467057838e-06 -2.135260371613631492e+02 -3.109155132553521276e-03 6.162499832365178031e-06 9.999951665465115491e-01 -1.135871443599750563e+00
9.999962105102365717e-01 -7.476035154092520660e-04 2.649538478733325011e-03 -1.083987111676710580e+00 7.476529355348914344e-04 9.999997203515329502e-01 -1.766193208597389018e-05 -2.135224592342884478e+02 -2.649524533671435058e-03 1.964280037770066924e-05 9.999964898107922551e-01 -1.138407769415535009e+00
9.999957386822785343e-01 -7.661662804053556014e-04 2.817020858064835705e-03 -1.082096632641704081e+00 7.660782549511590406e-04 9.999997060395056092e-01 3.232660992233473302e-05 -2.135320199459684147e+02 -2.817044797530473838e-03 -3.016841374527166894e-05 9.999960316663639714e-01 -1.143905495233202396e+00
9.999962043521261057e-01 -6.453208273282257925e-04 2.678589623396808884e-03 -1.081145344574724776e+00 6.451833385320483337e-04 9.999997905071753568e-01 5.219257688468377862e-05 -2.135288888600592259e+02 -2.678622743208398330e-03 -5.046419738425984624e-05 9.999964112103424396e-01 -1.144122627354069666e+00
9.999963089465342403e-01 -6.176482611315528429e-04 2.645865441233182219e-03 -1.080894589642916070e+00 6.176638130000955884e-04 9.999998092328836741e-01 -5.060675102458761717e-06 -2.135271045911758847e+02 -2.645861810771884311e-03 6.694911760353653559e-06 9.999964996791020910e-01 -1.139021847753200145e+00
9.999952731706022169e-01 -6.236420982248029555e-04 3.010765182806040587e-03 -1.082235764818113566e+00 6.233240144712055624e-04 9.999998000532792641e-01 1.065859956510671369e-04 -2.135199980056775928e+02 -3.010831052327384884e-03 -1.047088095968726971e-04 9.999954619559228153e-01 -1.141882562771319831e+00
9.999946874805366592e-01 -7.218052924500612975e-04 3.178680201538101012e-03 -1.084188337109392775e+00 7.215580159490633241e-04 9.999997365613517708e-01 7.893830919815946238e-05 -2.135183998880414151e+02 -3.178736342240241937e-03 -7.664428765729703697e-05 9.999949448676827002e-01 -1.141787589531350289e+00
9.999939195486404753e-01 -7.509473163043231926e-04 3.405428589075113182e-03 -1.083371840775686934e+00 7.506335808452080935e-04 9.999997139123050216e-01 9.340522198169340720e-05 -2.135181950786804350e+02 -3.405497757224673541e-03 -9.084842497965431351e-05 9.999941971489580972e-01 -1.144951248867397409e+00
9.999944943727347990e-01 -7.210973948389281249e-04 3.239018796754537539e-03 -1.083938295763282378e+00 7.205926596905736945e-04 9.999997280495219742e-01 1.569939515871745020e-04 -2.135235926007325986e+02 -3.239131123831322494e-03 -1.546590740674530691e-04 9.999947420412436117e-01 -1.144168676243678906e+00
9.999971843344743760e-01 -7.284241083079245633e-04 2.258477682349690260e-03 -1.083924259939848200e+00 7.283561481412484991e-04 9.999997342708036863e-01 3.091348254864878525e-05 -2.135278452405778467e+02 -2.258499600332191260e-03 -2.926841940124250000e-05 9.999974491582040992e-01 -1.140598473842658001e+00
9.999955892630165710e-01 -7.912768599957045778e-04 2.862749629824384856e-03 -1.087357149988742666e+00 7.911800090715036910e-04 9.999996864058154911e-01 3.496375312149468950e-05 -2.135334975823509467e+02 -2.862776398091532865e-03 -3.269864862748182125e-05 9.999959017126485161e-01 -1.142943304017520090e+00
9.999942987765733093e-01 -7.480436820328252839e-04 3.292847551768264113e-03 -1.086794748207169814e+00 7.480379620815817265e-04 9.999997202151580389e-01 2.968674182431140402e-06 -2.135286405669928342e+02 -3.292848851177398225e-03 -5.054822852862876876e-07 9.999945785583979063e-01 -1.141579159648839381e+00
9.999924312155422657e-01 -6.517770648146308530e-04 3.835713530317069481e-03 -1.082644947425720483e+00 6.511491015118753582e-04 9.999997743962669716e-01 1.649613980852561738e-04 -2.135206564420476809e+02 -3.835820183021629737e-03 -1.624625281090673454e-04 9.999926300175668858e-01 -1.143091728372092719e+00
9.999930674048879142e-01 -5.702842501498689215e-04 3.679662761344304218e-03 -1.082976286732768578e+00 5.695518352624560519e-04 9.999998177875653038e-01 2.000888381769550743e-04 -2.135118836036428149e+02 -3.679776198377036640e-03 -1.979916923631829895e-04 9.999932100001577284e-01 -1.144019719073323671e+00
9.999971629023070019e-01 -6.872648271373725222e-04 2.280757416804805524e-03 -1.086353035438359704e+00 6.870746495973874659e-04 9.999997604222280456e-01 8.416598060712304069e-05 -2.135306155747339005e+02 -2.280814714704137817e-03 -8.259869121704583781e-05 9.999973955274550352e-01 -1.144186615460464740e+00
9.999966806441816791e-01 -7.339467463475847237e-04 2.469822421161315014e-03 -1.086203192584951127e+00 7.339185979780352143e-04 9.999997306060247615e-01 1.230322691461790144e-05 -2.135324550319403443e+02 -2.469830785719398514e-03 -1.049053746723662992e-05 9.999969499082677071e-01 -1.139802693422747870e+00
9.999964305723415547e-01 -8.423543830649437170e-04 2.535602821695555429e-03 -1.089974084222514517e+00 8.424687922386760001e-04 9.999996441527549962e-01 -4.405334733603449995e-05 -2.135320367093256380e+02 -2.535564810878060144e-03 4.618935633758890620e-05 9.999967843836464754e-01 -1.139048233324303494e+00
9.999951158429650766e-01 -7.423891496063219969e-04 3.035975718833423126e-03 -1.086857016043701663e+00 7.423893250092093070e-04 9.999997244284355435e-01 1.069165934836996194e-06 -2.135253075394686846e+02 -3.035975675942033901e-03 1.184715251786419496e-06 9.999953914145262024e-01 -1.140147628464185159e+00
9.999928421028033698e-01 -6.972517694351082615e-04 3.718814747720329637e-03 -1.083478669619725387e+00 6.964603651534593187e-04 9.999997345516854486e-01 2.141016541696013709e-04 -2.135234994515790561e+02 -3.718963043324431759e-03 -2.115101145748358243e-04 9.999930622646108214e-01 -1.146760939679598357e+00
9.999900572963879020e-01 -7.295803887563000103e-04 4.399206840226352160e-03 -1.083598602675223788e+00 7.287770735114316480e-04 9.999997174762395025e-01 1.842048271303437770e-04 -2.135215066065277085e+02 -4.399339989575280600e-03 -1.809969545495520584e-04 9.999903064768971284e-01 -1.142520449450332265e+00
9.999934759835162890e-01 -7.295296763526319152e-04 3.537764386723654068e-03 -1.084988966921401232e+00 7.288913593813484224e-04 9.999997178484016924e-01 1.817154457699836606e-04 -2.135298393515726048e+02 -3.537895955348118859e-03 -1.791356143624101731e-04 9.999937255816362391e-01 -1.145346643815486454e+00
9.999943077838310268e-01 -7.941622496158492073e-04 3.279284412482570601e-03 -1.089874509894047439e+00 7.938936779710811277e-04 9.999996814052133365e-01 8.320035987342059007e-05 -2.135261794600295104e+02 -3.279349442304618691e-03 -8.059648311564784103e-05 9.999946196712471425e-01 -1.143324496648910449e+00
9.999959190241883844e-01 -8.256090537190435797e-04 2.735014562899621034e-03 -1.090506632811289123e+00 8.257234105035099773e-04 9.999996582628045694e-01 -4.068320879637583583e-05 -2.135242235347519966e+02 -2.734980039817897814e-03 4.294140832183903549e-05 9.999962590131111773e-01 -1.139170554063634988e+00
9.999965807679364049e-01 -7.299942347383905948e-04 2.511087583747537676e-03 -1.085202703801354085e+00 7.299199465528462922e-04 9.999997331432634029e-01 3.050038869449879747e-05 -2.135341941358094004e+02 -2.511109178754803578e-03 -2.866739149167330300e-05 9.999968467494649849e-01 -1.143878647748312938e+00
9.999944671305135424e-01 -7.006235538212145187e-04 3.251897137980156068e-03 -1.083959113363919480e+00 7.000987269750602463e-04 9.999997417234219865e-01 1.625264957527120706e-04 -2.135190436043465922e+02 -3.252010167982335997e-03 -1.602489474682692477e-04 9.999946993610226986e-01 -1.147910879440980914e+00
9.999942212800511099e-01 -6.525807506252256484e-04 3.336396988966573284e-03 -1.082922684484860065e+00 6.519093046079614626e-04 9.999997670379031645e-01 2.023323945621207959e-04 -2.135251323477664016e+02 -3.336528249938454111e-03 -2.001561970989027635e-04 9.999944137427638768e-01 -1.146662990593263709e+00
9.999947755878354494e-01 -6.643056369574862298e-04 3.163462510495511013e-03 -1.084660450825870592e+00 6.639080465511069907e-04 9.999997715827164679e-01 1.267305035020294590e-04 -2.135320735564284007e+02 -3.163545975693848877e-03 -1.246295931939645862e-04 9.999949882096030862e-01 -1.140238266648028187e+00
9.999954454673306570e-01 -7.649630696473263321e-04 2.919567792858207556e-03 -1.087517958848487121e+00 7.647836576695327647e-04 9.999997055955903713e-01 6.256748067073913174e-05 -2.135354353994335099e+02 -2.919614795136649295e-03 -6.033435796966811742e-05 9.999957360955161745e-01 -1.138669269754725599e+00
9.999959963818846331e-01 -7.477684281151147569e-04 2.729113881757447031e-03 -1.087158751035488091e+00 7.476778670808404813e-04 9.999997199039276641e-01 3.420341106012025250e-05 -2.135366731475317863e+02 -2.729138693574292059e-03 -3.216277607659100688e-05 9.999962753768371071e-01 -1.138593583886130300e+00
9.999951684151651143e-01 -6.847348989027737158e-04 3.032207849709446772e-03 -1.085655661149153239e+00 6.845201506040704325e-04 9.999997631341482895e-01 7.185966014431889289e-05 -2.135079728149964069e+02 -3.032256336300075562e-03 -6.978370557432874615e-05 9.999954002652938767e-01 -1.143337110556106762e+00
9.999955874537228562e-01 -7.101920546004623956e-04 2.884562415551895215e-03 -1.085276662502594691e+00 7.099561458122847493e-04 9.999997445526570550e-01 8.280635030278740781e-05 -2.135103937559099165e+02 -2.884620487110145688e-03 -8.075807210103446798e-05 9.999958362127210343e-01 -1.144976284872766925e+00
9.999948278596226814e-01 -7.953782904125854866e-04 3.116348404587069697e-03 -1.089386553600032004e+00 7.952467767580386360e-04 9.999996828477100141e-01 4.344011287871899006e-05 -2.135183771885822352e+02 -3.116381967552753294e-03 -4.096162217635424961e-05 9.999951432309948096e-01 -1.141859788043180668e+00
9.999937049950431422e-01 -7.715599727738198330e-04 3.463331560094804785e-03 -1.087544322713413392e+00 7.711984363791388360e-04 9.999996970376556771e-01 1.057240211308745493e-04 -2.135279646117349159e+02 -3.463412083258621266e-03 -1.030524397138298431e-04 9.999939970604504458e-01 -1.142232851929949167e+00
9.999965406771292864e-01 -7.523523183976726708e-04 2.520436423240679947e-03 -1.087339500758468969e+00 7.519495065843065330e-04 9.999997043637013361e-01 1.607620898908452048e-04 -2.135357997146922742e+02 -2.520556627839224805e-03 -1.588662928380379642e-04 9.999968107728078870e-01 -1.145402424184137402e+00
9.999968549288315023e-01 -7.309679592290653288e-04 2.399128651830729087e-03 -1.086818327863933620e+00 7.308258856746815404e-04 9.999997311410244727e-01 6.009495422406964447e-05 -2.135259947239254927e+02 -2.399171934289506727e-03 -5.834141989934004606e-05 9.999971202810078452e-01 -1.140937202297326092e+00
9.999942414354836551e-01 -7.213605976248788293e-04 3.316132500342551092e-03 -1.085397900719414555e+00 7.209358554345486310e-04 9.999997317694157006e-01 1.292771790472510541e-04 -2.135194489970832308e+02 -3.316224866317529860e-03 -1.268857157754062605e-04 9.999944932611635195e-01 -1.143405364510377664e+00
